{
	"format_version": "1.16.0",
	"minecraft:entity": {
		"description": {
			"identifier": "umak:ibm5150_1",
			"is_spawnable": true,
			"is_summonable": true,
			"is_experimental": false
		},
		"component_groups": {
			"ibm": {
				"minecraft:variant": {
					"value": 0
				}
			},
			"start": {
				"minecraft:variant": {
					"value": 1
				}
			},
			"world1": {
				"minecraft:variant": {
					"value": 2
				}
			}
		},
		"components": {
			"minecraft:type_family": {
				"family": [
					"umaktv"
				]
			},
			"minecraft:scale": {
				"value": 1
			},
			"minecraft:loot": {
        		"table": "loot_tables/entities/umak_furniture/ibm5150.json"
     		},
			"minecraft:collision_box": {
				"width": 0.5,
				"height": 0.8
			},
			"minecraft:physics": {},
			"minecraft:pushable": {
				"is_pushable": true
			},
			"minecraft:health": {
				"value": 2
			},
			"minecraft:knockback_resistance": {
				"value": 999,
				"max": 999
			}
		},
		"events": {
			"minecraft:entity_spawned": {
				"randomize": [
					{
						"weight": 6,
						"add": {
							"component_groups": [
								"ibm"
							]
						}
					},
					{
						"weight": 6,
						"add": {
							"component_groups": [
								"start"
							]
						}
					},
					{
						"weight": 6,
						"add": {
							"component_groups": [
								"world1"
							]
						}
					}
				]
			}
		}
	}
}