{
	"format_version": "1.16.0",
	"minecraft:entity": {
		"description": {
			"identifier": "umak:ibm5150_3",
			"is_spawnable": false,
			"is_summonable": false,
			"is_experimental": false
		},
		"component_groups": {
			"start": {
				"minecraft:transformation": {
					"into": "umak:ibm5150_1"
				}
			}
		},
		"components": {
			"minecraft:type_family": {
				"family": [
					"umaktv"
				]
			},
			"minecraft:scale": {
				"value": 1
			},
			"minecraft:collision_box": {
				"width": 0.5,
				"height": 0.8
			},
			"minecraft:physics": {},
			"minecraft:pushable": {
				"is_pushable": true
			},
			"minecraft:health": {
				"value": 2
			},
			"minecraft:knockback_resistance": {
				"value": 999,
				"max": 999
			},
			"minecraft:interact": {
				"interactions": [
					{
						"on_interact": {
							"event": "start"
						},
						"use_item": false,
						"interact_text": "ENTER"
					}
				]
			}
		},
		"events": {
			"start": {
				"add": {
					"component_groups": [
						"start"
					]
				}
			}
		}
	}
}