{
  "format_version": "1.12",
    "minecraft:recipe_shaped": {
        "description": {
            "identifier": "recipe:rocking_chair"
        },


        "tags": [ "furniture_crafting_table" ],
        "pattern": [
            "PCP",
            "0P0"
        ],
        "key": {
            "P": {
                "item": "minecraft:planks"
            },
            "C": {
                "item": "furniture:chair"
            }
        },
        "result": {
            "item": "furniture:rocking_chair"
        }
    }
}
