{
	"format_version": "1.10.0",
	"minecraft:entity": {
		"description": {
			"identifier": "umak:chair3",
			"is_spawnable": true,
			"is_summonable": true,
			"is_experimental": false
		},
		"component_groups": {
			"black": {
				"minecraft:variant": {
					"value": 0
				}
			},
			"blue": {
				"minecraft:variant": {
					"value": 1
				}
			},
			"brown": {
				"minecraft:variant": {
					"value": 2
				}
			},
			"cyan": {
				"minecraft:variant": {
					"value": 3
				}
			},
			"gray": {
				"minecraft:variant": {
					"value": 4
				}
			},
			"green": {
				"minecraft:variant": {
					"value": 5
				}
			},
			"light_blue": {
				"minecraft:variant": {
					"value": 6
				}
			},
			//silver in render controller and rp entity
			"light_gray": {
				"minecraft:variant": {
					"value": 7
				}
			},
			"lime": {
				"minecraft:variant": {
					"value": 8
				}
			},
			"magenta": {
				"minecraft:variant": {
					"value": 9
				}
			},
			"orange": {
				"minecraft:variant": {
					"value": 10
				}
			},
			"pink": {
				"minecraft:variant": {
					"value": 11
				}
			},
			"purple": {
				"minecraft:variant": {
					"value": 12
				}
			},
			"red": {
				"minecraft:variant": {
					"value": 13
				}
			},
			"white": {
				"minecraft:variant": {
					"value": 14
				}
			},
			"yellow": {
				"minecraft:variant": {
					"value": 15
				}
			}
		},
		"components": {
			"minecraft:type_family": {
				"family": [
					"umak"
				]
			},
			"minecraft:scale": {
				"value": 1
			},
			"minecraft:collision_box": {
				"width": 1,
				"height": 1
			},
			"minecraft:loot": {
        		"table": "loot_tables/entities/umak_furniture/chair3.json"
     		},
			"minecraft:physics": {},
			"minecraft:pushable": {
				"is_pushable": false
			},
			"minecraft:health": {
				"value": 4
			},
			"minecraft:knockback_resistance": {
				"value": 999,
				"max": 999
			},
			"minecraft:rideable": {
				"seat_count": 1,
				"crouching_skip_interact": true,
				"interact_text": "Sit",
				"family_types": [
					"player",
					"villager"
				],
				"pull_in_entities": true,
				"seats": [
					{
						"position": [0, 0.4, 0]
					}
				]
			},
			"minecraft:interact": [
				{
					"on_interact": {
						"filters": {
							"all_of": [
								{
									"test": "has_equipment",
									"subject": "other",
									"domain": "hand",
									"value": "black_dye"
								}
							]
						},
						"event": "turn_black"
					},
					"use_item": true,
					"interact_text": "Dye"
				},
				{
					"on_interact": {
						"filters": {
							"all_of": [
								{
									"test": "has_equipment",
									"subject": "other",
									"domain": "hand",
									"value": "blue_dye"
								}
							]
						},
						"event": "turn_blue"
					},
					"use_item": true,
					"interact_text": "Dye"
				},
				{
					"on_interact": {
						"filters": {
							"all_of": [
								{
									"test": "has_equipment",
									"subject": "other",
									"domain": "hand",
									"value": "brown_dye"
								}
							]
						},
						"event": "turn_brown"
					},
					"use_item": true,
					"interact_text": "Dye"
				},
				{
					"on_interact": {
						"filters": {
							"all_of": [
								{
									"test": "has_equipment",
									"subject": "other",
									"domain": "hand",
									"value": "cyan_dye"
								}
							]
						},
						"event": "turn_cyan"
					},
					"use_item": true,
					"interact_text": "Dye"
				},
				{
					"on_interact": {
						"filters": {
							"all_of": [
								{
									"test": "has_equipment",
									"subject": "other",
									"domain": "hand",
									"value": "gray_dye"
								}
							]
						},
						"event": "turn_gray"
					},
					"use_item": true,
					"interact_text": "Dye"
				},
				{
					"on_interact": {
						"filters": {
							"all_of": [
								{
									"test": "has_equipment",
									"subject": "other",
									"domain": "hand",
									"value": "green_dye"
								}
							]
						},
						"event": "turn_green"
					},
					"use_item": true,
					"interact_text": "Dye"
				},
				{
					"on_interact": {
						"filters": {
							"all_of": [
								{
									"test": "has_equipment",
									"subject": "other",
									"domain": "hand",
									"value": "light_blue_dye"
								}
							]
						},
						"event": "turn_light_blue"
					},
					"use_item": true,
					"interact_text": "Dye"
				},
				{
					"on_interact": {
						"filters": {
							"all_of": [
								{
									"test": "has_equipment",
									"subject": "other",
									"domain": "hand",
									"value": "light_gray_dye"
								}
							]
						},
						"event": "turn_light_gray"
					},
					"use_item": true,
					"interact_text": "Dye"
				},
				{
					"on_interact": {
						"filters": {
							"all_of": [
								{
									"test": "has_equipment",
									"subject": "other",
									"domain": "hand",
									"value": "lime_dye"
								}
							]
						},
						"event": "turn_lime"
					},
					"use_item": true,
					"interact_text": "Dye"
				},
				{
					"on_interact": {
						"filters": {
							"all_of": [
								{
									"test": "has_equipment",
									"subject": "other",
									"domain": "hand",
									"value": "magenta_dye"
								}
							]
						},
						"event": "turn_magenta"
					},
					"use_item": true,
					"interact_text": "Dye"
				},
				{
					"on_interact": {
						"filters": {
							"all_of": [
								{
									"test": "has_equipment",
									"subject": "other",
									"domain": "hand",
									"value": "orange_dye"
								}
							]
						},
						"event": "turn_orange"
					},
					"use_item": true,
					"interact_text": "Dye"
				},
				{
					"on_interact": {
						"filters": {
							"all_of": [
								{
									"test": "has_equipment",
									"subject": "other",
									"domain": "hand",
									"value": "pink_dye"
								}
							]
						},
						"event": "turn_pink"
					},
					"use_item": true,
					"interact_text": "Dye"
				},
				{
					"on_interact": {
						"filters": {
							"all_of": [
								{
									"test": "has_equipment",
									"subject": "other",
									"domain": "hand",
									"value": "purple_dye"
								}
							]
						},
						"event": "turn_purple"
					},
					"use_item": true,
					"interact_text": "Dye"
				},
				{
					"on_interact": {
						"filters": {
							"all_of": [
								{
									"test": "has_equipment",
									"subject": "other",
									"domain": "hand",
									"value": "red_dye"
								}
							]
						},
						"event": "turn_red"
					},
					"use_item": true,
					"interact_text": "Dye"
				},
				{
					"on_interact": {
						"filters": {
							"all_of": [
								{
									"test": "has_equipment",
									"subject": "other",
									"domain": "hand",
									"value": "white_dye"
								}
							]
						},
						"event": "turn_white"
					},
					"use_item": true,
					"interact_text": "Dye"
				},
				{
					"on_interact": {
						"filters": {
							"all_of": [
								{
									"test": "has_equipment",
									"subject": "other",
									"domain": "hand",
									"value": "yellow_dye"
								}
							]
						},
						"event": "turn_yellow"
					},
					"use_item": true,
					"interact_text": "Dye"
				}
			]
		},
		"events": {
			"minecraft:entity_spawned": {
				"add": {
					"component_groups": [
						"red"
					]
				}
			},
			"turn_black": {
				"add": {
					"component_groups": [
						"black"
					]
				}
			},
			"turn_brown": {
				"add": {
					"component_groups": [
						"brown"
					]
				}
			},
			"turn_blue": {
				"add": {
					"component_groups": [
						"blue"
					]
				}
			},
			"turn_cyan": {
				"add": {
					"component_groups": [
						"cyan"
					]
				}
			},
			"turn_gray": {
				"add": {
					"component_groups": [
						"gray"
					]
				}
			},
			"turn_green": {
				"add": {
					"component_groups": [
						"green"
					]
				}
			},
			"turn_light_blue": {
				"add": {
					"component_groups": [
						"light_blue"
					]
				}
			},
			"turn_light_gray": {
				"add": {
					"component_groups": [
						"light_gray"
					]
				}
			},
			"turn_lime": {
				"add": {
					"component_groups": [
						"lime"
					]
				}
			},
			"turn_magenta": {
				"add": {
					"component_groups": [
						"magenta"
					]
				}
			},
			"turn_orange": {
				"add": {
					"component_groups": [
						"orange"
					]
				}
			},
			"turn_pink": {
				"add": {
					"component_groups": [
						"pink"
					]
				}
			},
			"turn_purple": {
				"add": {
					"component_groups": [
						"purple"
					]
				}
			},
			"turn_red": {
				"add": {
					"component_groups": [
						"red"
					]
				}
			},
			"turn_white": {
				"add": {
					"component_groups": [
						"white"
					]
				}
			},
			"turn_yellow": {
				"add": {
					"component_groups": [
						"yellow"
					]
				}
			}
		}
	}
}