{
	"format_version": "1.10.0",
	"minecraft:entity": {
		"description": {
			"identifier": "umak:chair1",
			"is_spawnable": true,
			"is_summonable": true,
			"is_experimental": false
		},
		"component_groups": {},
		"components": {
			"minecraft:type_family": {
				"family": [
					"umak"
				]
			},
			"minecraft:scale": {
				"value": 1
			},
			"minecraft:collision_box": {
				"width": 1,
				"height": 1
			},
			"minecraft:loot": {
        		"table": "loot_tables/entities/umak_furniture/chair1.json"
     		},
			"minecraft:physics": {},
			"minecraft:pushable": {
				"is_pushable": false
			},
			"minecraft:health": {
				"value": 4
			},
			"minecraft:knockback_resistance": {
				"value": 999,
				"max": 999
			},
			"minecraft:rideable": {
				"seat_count": 3,
				"crouching_skip_interact": true,
				"interact_text": "Sit",
				"family_types": [
					"player",
					"villager"
				],
				"pull_in_entities": true,
				"seats": [
					{
						"position": [-0.9, 0.4, 0]
					},
					{
						"position": [0, 0.4, 0]
					},
					{
						"position": [0.9, 0.4, 0]
					}
				]
			}
		},
		"events": {}
	}
}