{
	"format_version": "1.10.0",
	"minecraft:entity": {
		"description": {
			"identifier": "umak:cubeshelf",
			"is_spawnable": true,
			"is_summonable": true,
			"is_experimental": false
		},
		"component_groups": {},
		"components": {
			"minecraft:type_family": {
				"family": [
					"umak"
				]
			},
			"minecraft:scale": {
				"value": 1
			},
			"minecraft:loot": {
        		"table": "loot_tables/entities/umak_furniture/cubeshelf.json"
     		},
			"minecraft:collision_box": {
				"width": 1,
				"height": 1
			},
			"minecraft:inventory": {
				"container_type": "container",
				"inventory_size": 27,
				"private": false
			},
			"minecraft:physics": {},
			"minecraft:pushable": {
				"is_pushable": false
			},
			"minecraft:health": {
				"value": 2
			},
			"minecraft:knockback_resistance": {
				"value": 999,
				"max": 999
			},
			"minecraft:rideable": {
				"seat_count": 11,
				"family_types": [
					"umakitems",
					"umakradio",
					"umaktv",
					"umakbeatbox",
					"umakconsole"
				],
				"pull_in_entities": true,
				"seats": [
					{
						"position": [-0.7, 1.11, 0]
					},
					{
						"position": [0, 1.11, 0]
					},
					{
						"position": [0.7, 1.11, 0]
					},
					//first level (top)
					{
						"position": [-1, 0.595, -0.1]
					},
					{
						"position": [-0.3, 0.595, -0.1]
					},
					{
						"position": [1, 0.595, -0.1]
					},
					{
						"position": [0.3, 0.595, -0.1]
					},
					//second level (bottom)
					{
						"position": [-1, 0.05, -0.1]
					},
					{
						"position": [0.3, 0.05, -0.1]
					},
					{
						"position": [1, 0.05, -0.1]
					},
					{
						"position": [-0.3, 0.05, -0.1]
					}
				]
			}
		},
		"events": {}
	}
}