{
	"format_version": "1.10.0",
	"minecraft:entity": {
		"description": {
			"identifier": "umak:shelf3",
			"is_spawnable": true,
			"is_summonable": true,
			"is_experimental": false
		},
		"component_groups": {},
		"components": {
			"minecraft:type_family": {
				"family": [
					"umak"
				]
			},
			"minecraft:loot": {
        		"table": "loot_tables/entities/umak_furniture/shelf3.json"
     		},
			"minecraft:scale": {
				"value": 1
			},
			"minecraft:collision_box": {
				"width": 1,
				"height": 1
			},
			"minecraft:inventory": {
				"container_type": "container",
				"inventory_size": 27,
				"private": false
			},
			"minecraft:physics": {},
			"minecraft:pushable": {
				"is_pushable": false
			},
			"minecraft:health": {
				"value": 2
			},
			"minecraft:knockback_resistance": {
				"value": 999,
				"max": 999
			},
			"minecraft:rideable": {
				"seat_count": 5,
				"family_types": [
					"umakitems",
					"umakradio",
					"umaktv",
					"umakbeatbox",
					"umakconsole"
				],
				"pull_in_entities": true,
				"seats": [
					{
						"position": [-0.5, 1.62, 0]
					},
					//second level
					{
						"position": [-1, 1.05, 0]
					},
					{
						"position": [-0.45, 1.05, 0]
					},
					//second-second level
					{
						"position": [0.45, 1.05, 0]
					},
					{
						"position": [1.1, 1.05, 0]
					}
				]
			}
		},
		"events": {}
	}
}