{
	"format_version": "1.10.0",
	"minecraft:entity": {
		"description": {
			"identifier": "umak:table1",
			"is_spawnable": true,
			"is_summonable": true,
			"is_experimental": false
		},
		"component_groups": {},
		"components": {
			"minecraft:type_family": {
				"family": [
					"umak"
				]
			},
			"minecraft:scale": {
				"value": 1
			},
			"minecraft:collision_box": {
				"width": 1,
				"height": 1
			},
			"minecraft:loot": {
        		"table": "loot_tables/entities/umak_furniture/table1.json"
     		},
			"minecraft:physics": {},
			"minecraft:pushable": {
				"is_pushable": false
			},
			"minecraft:health": {
				"value": 2
			},
			"minecraft:knockback_resistance": {
				"value": 999,
				"max": 999
			},
			"minecraft:rideable": {
				"seat_count": 3,
				"family_types": [
					"umakitems",
					"umakradio",
					"umakconsole"
				],
				"pull_in_entities": true,
				"seats": [
					{
						"position": [-0.4, 0.87, -0.1] 
						//"rotate_rider_by": -10
					},
					{
						"position": [-0.4, 0.19, -0.1]
					},
					{
						"position": [0.6, 0.19, -0.1]
					}
				]
			}
		},
		"events": {}
	}
}