{
	"format_version": "1.8.0",
	"minecraft:entity": {
		"description": {
			"identifier": "umak:umakmart",
			"is_spawnable": true,
			"is_summonable": true,
			"is_experimental": false,
			"runtime_identifier": "minecraft:shulker"
		},
		"component_groups": {
			"trades": {
        		"minecraft:trade_table": {
  					"display_name": "§l§gUmäk§bMart §fOnline!",
  					"table": "trading/umakmart_online.json",
  					"new_screen": true
				}
    		},
    		"turn": {
        		"minecraft:transformation": {
          		"into": "umak:umakmart90",
          		"delay": 0.1
       			 }
    		}
		},
		"components": {
			"minecraft:type_family": {
				"family": [
					"umak"
				]
			},
			"minecraft:scale": {
				"value": 1
			},
			"minecraft:loot": {
        		"table": "loot_tables/entities/umak_furniture/umakmart.json"
     		},
     		"minecraft:behavior.trade_with_player": {},
			"minecraft:collision_box": {
				"width": 1,
				"height": 1
			},
			"minecraft:physics": {},
			"minecraft:pushable": {
				"is_pushable": false
			},
			"minecraft:is_stackable": {
			},
			"minecraft:health": {
				"value": 2
			},
			"minecraft:knockback_resistance": {
				"value": 999,
				"max": 999
			},
			"minecraft:interact": [
				{
					"on_interact": {
						"filters": {
							"all_of": [
								{
									"test": "has_equipment",
									"subject": "other",
									"domain": "hand",
									"value": "diamond_pickaxe"
								}
							]
						},
						"event": "turn"
					},
					"use_item": false,
					"interact_text": "Turn 90 degrees"
				},
				{
					"on_interact": {
						"filters": {
							"all_of": [
								{
									"test": "has_equipment",
									"subject": "other",
									"domain": "hand",
									"value": "iron_pickaxe"
								}
							]
						},
						"event": "turn"
					},
					"use_item": false,
					"interact_text": "Turn 90 degrees"
				},
				{
					"on_interact": {
						"filters": {
							"all_of": [
								{
									"test": "has_equipment",
									"subject": "other",
									"domain": "hand",
									"value": "golden_pickaxe"
								}
							]
						},
						"event": "turn"
					},
					"use_item": false,
					"interact_text": "Turn 90 degrees"
				},
				{
					"on_interact": {
						"filters": {
							"all_of": [
								{
									"test": "has_equipment",
									"subject": "other",
									"domain": "hand",
									"value": "stone_pickaxe"
								}
							]
						},
						"event": "turn"
					},
					"use_item": false,
					"interact_text": "Turn 90 degrees"
				},
				{
					"on_interact": {
						"filters": {
							"all_of": [
								{
									"test": "has_equipment",
									"subject": "other",
									"domain": "hand",
									"value": "netherite_pickaxe"
								}
							]
						},
						"event": "turn"
					},
					"use_item": false,
					"interact_text": "Turn 90 degrees"
				},
				{
					"on_interact": {
						"filters": {
							"all_of": [
								{
									"test": "has_equipment",
									"subject": "other",
									"domain": "hand",
									"value": "wooden_pickaxe"
								}
							]
						},
						"event": "turn"
					},
					"use_item": false,
					"interact_text": "Turn 90 degrees"
				}
			]
		},
		"events": {
			"minecraft:entity_spawned": {
        		"add": {
          			"component_groups": [
            			"trades"
          			]
        		}
      		},
      		"minecraft:entity_transformed": {
        		"add": {
          			"component_groups": [
            			"trades"
          			]
        		}
      		},
      		"turn": {
        		"add": {
          			"component_groups": [
            			"turn"
          			]
        		}
      		}
		}
	}
}