{
	"format_version": "1.10.0",
	"minecraft:entity": {
		"description": {
			"identifier": "umak:wallshelf1",
			"is_spawnable": true,
			"is_summonable": true,
			"is_experimental": false
		},
		"component_groups": {
		},
		"components": {
			"minecraft:type_family": {
				"family": [
					"umak"
				]
			},
			"minecraft:loot": {
        		"table": "loot_tables/entities/umak_furniture/wallshelf1.json"
     		},
			"minecraft:scale": {
				"value": 1
			},
			"minecraft:push_through": {
        		"value": 1
    		},
			"minecraft:collision_box": {
				"width": 0.7,
				"height": 0.6
			},
			"minecraft:pushable": {
				"is_pushable": false
			},
			"minecraft:health": {
				"value": 1,
				"max": 1
			},
			"minecraft:rideable": {
				"seat_count": 2,
				"family_types": [
					"umakitems",
					"umaktv",
					"umakbeatbox",
					"umakradio",
					"umakconsole"
				],
				"pull_in_entities": true,
				"seats": [
					{
						"position": [-0.45, 0.44, -0.3]
					},
					{
						"position": [0.45, 0.44, -0.3]
					}
				]
			},
			"minecraft:knockback_resistance": {
				"value": 999,
				"max": 999
			}
		},
		"events": {
		}
	}
}