{
	"format_version": "1.10.0",
	"minecraft:client_entity": {
		"description": {
			"identifier": "umak:chair2",
			"materials": {
				"default": "entity"
			},
			"textures": {
				"black": "textures/entity/furniture_umak/chair2/black",
				"blue": "textures/entity/furniture_umak/chair2/blue",
				"brown": "textures/entity/furniture_umak/chair2/brown",
				"cyan": "textures/entity/furniture_umak/chair2/cyan",
				"gray": "textures/entity/furniture_umak/chair2/gray",
				"green": "textures/entity/furniture_umak/chair2/green",
				"light_blue": "textures/entity/furniture_umak/chair2/light_blue",
				"silver": "textures/entity/furniture_umak/chair2/silver",
				"lime": "textures/entity/furniture_umak/chair2/lime",
				"magenta": "textures/entity/furniture_umak/chair2/magenta",
				"orange": "textures/entity/furniture_umak/chair2/orange",
				"pink": "textures/entity/furniture_umak/chair2/pink",
				"purple": "textures/entity/furniture_umak/chair2/purple",
				"red": "textures/entity/furniture_umak/chair2/red",
				"white": "textures/entity/furniture_umak/chair2/white",
				"yellow": "textures/entity/furniture_umak/chair2/yellow"
			},
			"geometry": {
				"default": "geometry.chair2_umak"
			},
			"render_controllers": [
				"controller.render.umak16"
			],
			"spawn_egg": {
				"texture": "chair2_umak",
				"texture_index": 0
			}
		}
	}
}