{
	"format_version": "1.10.0",
	"minecraft:client_entity": {
		"description": {
			"identifier": "umak:couch1",
			"materials": {
				"default": "entity"
			},
			"textures": {
				"black": "textures/entity/furniture_umak/couch1/black",
				"blue": "textures/entity/furniture_umak/couch1/blue",
				"brown": "textures/entity/furniture_umak/couch1/brown",
				"cyan": "textures/entity/furniture_umak/couch1/cyan",
				"gray": "textures/entity/furniture_umak/couch1/gray",
				"green": "textures/entity/furniture_umak/couch1/green",
				"light_blue": "textures/entity/furniture_umak/couch1/light_blue",
				"silver": "textures/entity/furniture_umak/couch1/silver",
				"lime": "textures/entity/furniture_umak/couch1/lime",
				"magenta": "textures/entity/furniture_umak/couch1/magenta",
				"orange": "textures/entity/furniture_umak/couch1/orange",
				"pink": "textures/entity/furniture_umak/couch1/pink",
				"purple": "textures/entity/furniture_umak/couch1/purple",
				"red": "textures/entity/furniture_umak/couch1/red",
				"white": "textures/entity/furniture_umak/couch1/white",
				"yellow": "textures/entity/furniture_umak/couch1/yellow"
			},
			"geometry": {
				"default": "geometry.couch1_umak"
			},
			"render_controllers": [
				"controller.render.umak16"
			],
			"spawn_egg": {
				"texture": "couch1_umak",
				"texture_index": 0
			}
		}
	}
}