{
    "format_version": "1.16.0",
    "minecraft:block": {
        "description": {
            "identifier": "bzf:whitedinningchair",
            "properties": {
                "bzf:face": [ 2, 3, 4, 5 ]
            }
        },
        "components": {
            "minecraft:material_instances": {
                "*": {
                    "texture": "bzf_whitedinningchair",
                    "render_method": "opaque"
                }
            },
            "minecraft:pick_collision": {
                "origin": [ -8, 0, -8 ],
                "size": [ 16, 16, 16 ]
            },
            "minecraft:loot": "loot_tables/blocks/bzf_whitedinningchair.json",
            "minecraft:geometry": "geometry.bzf_whitedinningchair",
            "minecraft:destroy_time": 3.0,
			"minecraft:block_light_absorption": 0.0,
			"minecraft:entity_collision":{
			"origin":[ -8.0, 0.0, -8.0 ],
			"size":[ 16, 16, 16 ]
			},           "minecraft:on_player_placing": {
                "event": "bzf:place"
            },
            "minecraft:on_interact": { 
			"event": "bzf:sit"
			},
            "minecraft:friction": 0.6,
            "minecraft:map_color": "#00ff00",
            "minecraft:flammable": {
                "flame_odds": 0,
                "burn_odds": 0
            }
        },
        "events": {
      "bzf:place": {
            "set_block_property": {
              "bzf:face": "(query.cardinal_player_facing)"
            }
          },
      "bzf:sit": {
            "run_command": {
              "command": [
"summon bzf:sitdinningchair chair_modernwhite ~ ~-1 ~",
"ride @p start_riding @e[type=bzf:sitdinningchair,name=chair_modernwhite,c=1] teleport_rider"
            ]
          }
        }
      },
        "permutations": [
            {
                "condition": "query.block_property('bzf:face') == 3",
                "components": {
                    "minecraft:rotation": [ 0, 180, 0 ]
                }
            },
            {
                "condition": "query.block_property('bzf:face') == 4",
                "components": {
                    "minecraft:rotation": [ 0, 90, 0 ]
                }
            },
            {
                "condition": "query.block_property('bzf:face') == 5",
                "components": {
                    "minecraft:rotation": [ 0, 270, 0 ]
                }
            }
        ]
    }
}
