{
	"format_version": "1.12.0",
	"minecraft:recipe_shaped": {
		"description": {
			"identifier": "umak:umakmart"
		},
		"tags": [
			"crafting_table"
		],
		"group": "umak",
		"pattern": [
			"ABC",
			"DEF",
			"AAA"
		],
		"key": {
			"A": {
				"item": "minecraft:smooth_stone"
			},
			"B": {
				"item": "minecraft:daylight_detector"
			},
			"C": {
				"item": "minecraft:redstone"
			},
			"D": {
				"item": "minecraft:glass"
			},
			"E": {
				"item": "minecraft:glowstone"
			},
			"F": {
				"item": "minecraft:redstone_torch"
			}
		},
		"result": [
			{
				"item": "minecraft:spawn_egg",
				"data": "query.get_actor_info_id('umak:umakmart')",
				"count": 1
			}
		]
	}
}