{
	"format_version": "1.12.0",
	"minecraft:geometry": [
		{
			"description": {
				"identifier": "geometry.cabinet2_umak",
				"texture_width": 128,
				"texture_height": 128,
				"visible_bounds_width": 4,
				"visible_bounds_height": 2.5,
				"visible_bounds_offset": [0, 0.75, 0]
			},
			"bones": [
				{
					"name": "cabinet",
					"pivot": [0, 0, 0],
					"cubes": [
						{"origin": [-23, 4, -8], "size": [46, 1, 16], "uv": [0, 17]},
						{"origin": [-18, 3, -7], "size": [36, 1, 14], "uv": [0, 34]},
						{"origin": [-18.8, -0.6, -7], "size": [1, 1, 1], "uv": [12, 19]},
						{"origin": [-18.8, -0.6, 6], "size": [1, 1, 1], "uv": [8, 19]},
						{"origin": [17.8, -0.6, 6], "size": [1, 1, 1], "uv": [0, 19]},
						{"origin": [17.8, -0.6, -7], "size": [1, 1, 1], "uv": [4, 19]},
						{"origin": [-23, 16, -8], "size": [46, 1, 16], "uv": [0, 0]},
						{"origin": [-22, 5, -8], "size": [1, 11, 16], "uv": [18, 76]},
						{"origin": [-21, 5, -7.5], "size": [10, 11, 1], "uv": [96, 88]},
						{"origin": [-20.5, 12, -8.2], "size": [1.5, 1, 1], "inflate": -0.3, "uv": [12, 17]},
						{"origin": [-20.5, 9, -8.2], "size": [1.5, 1, 1], "inflate": -0.3, "uv": [8, 17]},
						{"origin": [-20.5, 9, -8.6], "size": [1.5, 4, 1], "inflate": -0.3, "uv": [8, 0]},
						{"origin": [18.5, 9, -8.6], "size": [1.5, 4, 1], "inflate": -0.3, "uv": [4, 4]},
						{"origin": [18.5, 12, -8.2], "size": [1.5, 1, 1], "inflate": -0.3, "uv": [0, 17]},
						{"origin": [18.5, 9, -8.2], "size": [1.5, 1, 1], "inflate": -0.3, "uv": [4, 17]},
						{"origin": [0.5, 9, -8.6], "size": [1.5, 4, 1], "inflate": -0.3, "uv": [0, 4]},
						{"origin": [0.5, 12, -8.2], "size": [1.5, 1, 1], "inflate": -0.3, "uv": [0, 14]},
						{"origin": [0.5, 9, -8.2], "size": [1.5, 1, 1], "inflate": -0.3, "uv": [4, 14]},
						{"origin": [0, 5, -7.5], "size": [10, 11, 1], "uv": [74, 88]},
						{"origin": [11, 5, -7.5], "size": [10, 11, 1], "uv": [52, 87]},
						{"origin": [0, 5, 6.5], "size": [10, 11, 1], "uv": [82, 76]},
						{"origin": [-21, 5, 6.5], "size": [10, 11, 1], "uv": [84, 49]},
						{"origin": [11, 5, 6.5], "size": [10, 11, 1], "uv": [86, 34]},
						{"origin": [21, 5, -8], "size": [1, 11, 16], "uv": [66, 49]},
						{"origin": [10, 5, -8], "size": [1, 11, 16], "uv": [0, 64]},
						{"origin": [-1, 5, -8], "size": [1, 11, 16], "uv": [48, 60]},
						{"origin": [-11, 5, -8], "size": [1, 11, 16], "uv": [30, 49]},
						{"origin": [-10, 5, 6.5], "size": [9, 11, 1], "uv": [52, 99]},
						{"origin": [-10, 10, -7.5], "size": [9, 1, 14], "uv": [0, 49]},
						{"origin": [-10.5, 5, -8.5], "size": [10, 6, 1], "uv": [48, 49]},
						{"origin": [-7, 9, -9.2], "size": [1, 1, 1], "inflate": -0.3, "uv": [12, 21]},
						{"origin": [-7, 9, -9.6], "size": [3, 1, 1], "inflate": -0.3, "uv": [0, 2]},
						{"origin": [-5, 9, -9.2], "size": [1, 1, 1], "inflate": -0.3, "uv": [8, 21]},
						{"origin": [-7, 6, -9.6], "size": [3, 1, 1], "inflate": -0.3, "uv": [0, 0]},
						{"origin": [-5, 6, -9.2], "size": [1, 1, 1], "inflate": -0.3, "uv": [0, 21]},
						{"origin": [-7, 6, -9.2], "size": [1, 1, 1], "inflate": -0.3, "uv": [4, 21]}
					]
				},
				{
					"name": "stand1",
					"parent": "cabinet",
					"pivot": [-18, 3, -7],
					"rotation": [0, 0, 15],
					"cubes": [
						{"origin": [-18, 0, -7], "size": [1, 4, 1], "uv": [8, 10]},
						{"origin": [-17, 1, -7], "size": [1, 3, 1], "pivot": [-16, 4, -7], "rotation": [0, 0, 20], "uv": [12, 12]}
					]
				},
				{
					"name": "stand3",
					"parent": "cabinet",
					"pivot": [17, 3, -7],
					"rotation": [0, 0, -15],
					"cubes": [
						{"origin": [17, 0, -7], "size": [1, 4, 1], "uv": [0, 9]},
						{"origin": [16, 1, -7], "size": [1, 3, 1], "pivot": [16, 4, -7], "rotation": [0, 0, -20], "uv": [12, 4]}
					]
				},
				{
					"name": "stand4",
					"parent": "cabinet",
					"pivot": [17, 3, 6],
					"rotation": [0, 0, -15],
					"cubes": [
						{"origin": [17, 0, 6], "size": [1, 4, 1], "uv": [8, 5]},
						{"origin": [16, 1, 6], "size": [1, 3, 1], "pivot": [16, 4, 6], "rotation": [0, 0, -20], "uv": [12, 0]}
					]
				},
				{
					"name": "stand2",
					"parent": "cabinet",
					"pivot": [-18, 3, 6],
					"rotation": [0, 0, 15],
					"cubes": [
						{"origin": [-18, 0, 6], "size": [1, 4, 1], "uv": [4, 9]},
						{"origin": [-17, 1, 6], "size": [1, 3, 1], "pivot": [-16, 4, 6], "rotation": [0, 0, 20], "uv": [12, 8]}
					]
				}
			]
		}
	]
}