{
	"format_version": "1.12.0",
	"minecraft:geometry": [
		{
			"description": {
				"identifier": "geometry.cabinet1_umak",
				"texture_width": 128,
				"texture_height": 128,
				"visible_bounds_width": 5,
				"visible_bounds_height": 2.5,
				"visible_bounds_offset": [0, 0.75, 0]
			},
			"bones": [
				{
					"name": "cabinet",
					"pivot": [0, 0, 0],
					"cubes": [
						{"origin": [-23, 0, -7], "size": [1, 3, 1], "uv": [24, 60]},
						{"origin": [-22.7, 1.3, -7], "size": [1, 3, 1], "inflate": -0.3, "pivot": [-22, 1.6, -7], "rotation": [0, 0, 50], "uv": [4, 60]},
						{"origin": [21.7, 1.3, -7], "size": [1, 3, 1], "inflate": -0.3, "pivot": [22, 1.6, -7], "rotation": [0, 0, -50], "uv": [0, 60]},
						{"origin": [-22.7, 1.3, 6], "size": [1, 3, 1], "inflate": -0.3, "pivot": [-22, 1.6, 6], "rotation": [0, 0, 50], "uv": [7, 29]},
						{"origin": [21.7, 1.3, 6], "size": [1, 3, 1], "inflate": -0.3, "pivot": [22, 1.6, 6], "rotation": [0, 0, -50], "uv": [11, 29]},
						{"origin": [-23, 0, 6], "size": [1, 3, 1], "uv": [20, 60]},
						{"origin": [22, 0, 6], "size": [1, 3, 1], "uv": [8, 60]},
						{"origin": [22, 0, -7], "size": [1, 3, 1], "uv": [16, 60]},
						{"origin": [22, 2, -7], "size": [1, 1, 14], "inflate": -0.3, "uv": [46, 75]},
						{"origin": [-23, 2, -7], "size": [1, 1, 14], "inflate": -0.3, "uv": [60, 60]},
						{"origin": [-24, 3, -8], "size": [48, 1, 16], "uv": [0, 17]},
						{"origin": [-24, 16, -8], "size": [48, 1, 16], "uv": [0, 0]},
						{"origin": [23, 4, -8], "size": [1, 12, 1], "uv": [4, 17]},
						{"origin": [23, 4, 7], "size": [1, 12, 1], "uv": [0, 17]},
						{"origin": [-24, 4, 7], "size": [1, 12, 1], "uv": [8, 0]},
						{"origin": [22, 4, -7], "size": [1, 12, 14], "uv": [30, 60]},
						{"origin": [-22, 4, -7], "size": [44, 12, 1], "uv": [0, 47]},
						{"origin": [-22, 4, 6], "size": [44, 12, 1], "uv": [0, 34]},
						{"origin": [-23, 4, -7], "size": [1, 12, 14], "uv": [0, 60]},
						{"origin": [-24, 4, -8], "size": [1, 12, 1], "uv": [12, 0]},
						{"origin": [-8.5, 4, -8], "size": [1, 12, 1], "uv": [4, 0]},
						{"origin": [7.5, 4, -8], "size": [1, 12, 1], "uv": [0, 0]},
						{"origin": [14, 12, -7.7], "size": [1, 1, 1], "inflate": -0.3, "uv": [50, 60]},
						{"origin": [14, 10, -7.7], "size": [1, 1, 1], "inflate": -0.3, "uv": [46, 60]},
						{"origin": [14, 10, -8.1], "size": [1, 3, 1], "inflate": -0.3, "uv": [12, 25]},
						{"origin": [15, 10, -7.7], "size": [1, 1, 1], "inflate": -0.3, "uv": [36, 60]},
						{"origin": [15, 10, -8.1], "size": [1, 3, 1], "inflate": -0.3, "uv": [8, 25]},
						{"origin": [15, 12, -7.7], "size": [1, 1, 1], "inflate": -0.3, "uv": [40, 60]},
						{"origin": [0, 12, -7.7], "size": [1, 1, 1], "inflate": -0.3, "uv": [0, 30]},
						{"origin": [0, 10, -8.1], "size": [1, 3, 1], "inflate": -0.3, "uv": [8, 21]},
						{"origin": [0, 10, -7.7], "size": [1, 1, 1], "inflate": -0.3, "uv": [3, 31]},
						{"origin": [-1, 12, -7.7], "size": [1, 1, 1], "inflate": -0.3, "uv": [28, 60]},
						{"origin": [-1, 10, -8.1], "size": [1, 3, 1], "inflate": -0.3, "uv": [12, 21]},
						{"origin": [-1, 10, -7.7], "size": [1, 1, 1], "inflate": -0.3, "uv": [32, 60]},
						{"origin": [-16, 12, -7.7], "size": [1, 1, 1], "inflate": -0.3, "uv": [0, 13]},
						{"origin": [-16, 10, -8.1], "size": [1, 3, 1], "inflate": -0.3, "uv": [8, 17]},
						{"origin": [-16, 10, -7.7], "size": [1, 1, 1], "inflate": -0.3, "uv": [4, 13]},
						{"origin": [-17, 12, -7.7], "size": [1, 1, 1], "inflate": -0.3, "uv": [8, 13]},
						{"origin": [-17, 10, -8.1], "size": [1, 3, 1], "inflate": -0.3, "uv": [12, 17]},
						{"origin": [-17, 10, -7.7], "size": [1, 1, 1], "inflate": -0.3, "uv": [12, 13]}
					]
				}
			]
		}
	]
}