{
	"format_version": "1.12.0",
	"minecraft:geometry": [
		{
			"description": {
				"identifier": "geometry.ceilinglamp_umak",
				"texture_width": 32,
				"texture_height": 32,
				"visible_bounds_width": 3,
				"visible_bounds_height": 2.5,
				"visible_bounds_offset": [0, 0.75, 0]
			},
			"bones": [
				{
					"name": "ceilinglamp",
					"pivot": [0, 0, 0],
					"cubes": [
						{"origin": [-1.6, 15, -1.6], "size": [3.2, 1, 3.2], "inflate": -0.1, "uv": [0, 0]},
						{"origin": [-0.5, 14.4, -0.5], "size": [1, 1, 1], "uv": [11, 9]},
						{"origin": [-0.5, 5.4, -0.5], "size": [1, 10, 1], "inflate": -0.1, "uv": [0, 4]},
						{"origin": [-0.5, 15, 1.5], "size": [1, 1, 1], "uv": [16, 5]},
						{"origin": [-0.5, 15, 1.5], "size": [1, 1, 1], "pivot": [0, 17, 0], "rotation": [0, -22.5, 0], "uv": [3, 16]},
						{"origin": [-0.5, 15, 1.5], "size": [1, 1, 1], "pivot": [0, 17, 0], "rotation": [0, -67.5, 0], "uv": [15, 0]},
						{"origin": [-0.5, 15, 1.5], "size": [1, 1, 1], "pivot": [0, 17, 0], "rotation": [0, -45, 0], "uv": [10, 15]},
						{"origin": [-0.5, 15, 1.5], "size": [1, 1, 1], "pivot": [0, 17, 0], "rotation": [-180, -22.5, 180], "uv": [14, 10]},
						{"origin": [-0.5, 15, 1.5], "size": [1, 1, 1], "pivot": [0, 17, 0], "rotation": [-180, -45, 180], "uv": [14, 12]},
						{"origin": [-0.5, 15, 1.5], "size": [1, 1, 1], "pivot": [0, 17, 0], "rotation": [-180, -67.5, 180], "uv": [14, 14]},
						{"origin": [-0.5, 15, 1.5], "size": [1, 1, 1], "pivot": [0, 17, 0], "rotation": [0, -90, 0], "uv": [0, 15]},
						{"origin": [-0.5, 15, 1.5], "size": [1, 1, 1], "pivot": [0, 17, 0], "rotation": [-180, 67.5, -180], "uv": [3, 14]},
						{"origin": [-0.5, 15, 1.5], "size": [1, 1, 1], "pivot": [0, 17, 0], "rotation": [-180, 45, 180], "uv": [14, 3]},
						{"origin": [-0.5, 15, 1.5], "size": [1, 1, 1], "pivot": [0, 17, 0], "rotation": [-180, 22.5, 180], "uv": [7, 14]},
						{"origin": [-0.5, 15, 1.5], "size": [1, 1, 1], "pivot": [0, 17, 0], "rotation": [-180, 0, 180], "uv": [14, 8]},
						{"origin": [-0.5, 15, 1.5], "size": [1, 1, 1], "pivot": [0, 17, 0], "rotation": [0, 22.5, 0], "uv": [11, 11]},
						{"origin": [-0.5, 15, 1.5], "size": [1, 1, 1], "pivot": [0, 17, 0], "rotation": [0, 45, 0], "uv": [12, 1]},
						{"origin": [-0.5, 15, 1.5], "size": [1, 1, 1], "pivot": [0, 17, 0], "rotation": [0, 67.5, 0], "uv": [8, 12]},
						{"origin": [-0.5, 15, 1.5], "size": [1, 1, 1], "pivot": [0, 17, 0], "rotation": [0, 90, 0], "uv": [11, 13]},
						{"origin": [-0.5, 4, -0.5], "size": [1, 1, 1], "uv": [8, 10]},
						{"origin": [-1, 2, -1], "size": [2, 2, 2], "uv": [8, 4]},
						{"origin": [-0.5, 5, -0.5], "size": [1, 1, 1], "uv": [8, 8]}
					]
				},
				{
					"name": "l1",
					"parent": "ceilinglamp",
					"pivot": [0, 5, 0],
					"cubes": [
						{"origin": [-1.11204, -4.0844, -0.5], "size": [1, 9.2, 1], "pivot": [0, 5, 0], "rotation": [0, 0, 57.5], "uv": [4, 4]},
						{"origin": [-8.5, 0.1, -0.5], "size": [1, 1, 1], "uv": [9, 0]},
						{"origin": [-8.5, 0.1, -0.5], "size": [1, 1, 1], "pivot": [0, 5, 0], "rotation": [0, -6, 0], "uv": [9, 0]},
						{"origin": [-1.11204, -4.0844, -0.5], "size": [1, 9.2, 1], "pivot": [0, 5, 0], "rotation": [-5.06569, -3.2196, 57.64246], "uv": [4, 4]},
						{"origin": [-8.5, 0.1, -0.5], "size": [1, 1, 1], "pivot": [0, 5, 0], "rotation": [0, -18.5, 0], "uv": [9, 0]},
						{"origin": [-1.11204, -4.0844, -0.5], "size": [1, 9.2, 1], "pivot": [0, 5, 0], "rotation": [-15.75879, -9.81617, 58.86178], "uv": [4, 4]},
						{"origin": [-8.5, 0.1, -0.5], "size": [1, 1, 1], "pivot": [0, 5, 0], "rotation": [0, -12.5, 0], "uv": [9, 0]},
						{"origin": [-1.11204, -4.0844, -0.5], "size": [1, 9.2, 1], "pivot": [0, 5, 0], "rotation": [-10.59061, -6.6782, 58.11966], "uv": [4, 4]},
						{"origin": [-8.5, 0.1, -0.5], "size": [1, 1, 1], "pivot": [0, 5, 0], "rotation": [0, -43.5, 0], "uv": [9, 0]},
						{"origin": [-1.11204, -4.0844, -0.5], "size": [1, 9.2, 1], "pivot": [0, 5, 0], "rotation": [-38.67198, -21.70653, 65.19766], "uv": [4, 4]},
						{"origin": [-8.5, 0.1, -0.5], "size": [1, 1, 1], "pivot": [0, 5, 0], "rotation": [0, -37.5, 0], "uv": [9, 0]},
						{"origin": [-1.11204, -4.0844, -0.5], "size": [1, 9.2, 1], "pivot": [0, 5, 0], "rotation": [-32.90921, -19.09208, 63.18697], "uv": [4, 4]},
						{"origin": [-8.5, 0.1, -0.5], "size": [1, 1, 1], "pivot": [0, 5, 0], "rotation": [0, -31, 0], "uv": [9, 0]},
						{"origin": [-1.11204, -4.0844, -0.5], "size": [1, 9.2, 1], "pivot": [0, 5, 0], "rotation": [-26.8741, -16.06512, 61.36211], "uv": [4, 4]},
						{"origin": [-8.5, 0.1, -0.5], "size": [1, 1, 1], "pivot": [0, 5, 0], "rotation": [0, -25, 0], "uv": [9, 0]},
						{"origin": [-1.11204, -4.0844, -0.5], "size": [1, 9.2, 1], "pivot": [0, 5, 0], "rotation": [-21.46872, -13.12479, 59.99865], "uv": [4, 4]},
						{"origin": [-8.5, 0.1, -0.5], "size": [1, 1, 1], "pivot": [0, 5, 0], "rotation": [-180, -86.5, 180], "uv": [9, 0]},
						{"origin": [-1.11204, -4.0844, -0.5], "size": [1, 9.2, 1], "pivot": [0, 5, 0], "rotation": [-94.14782, -32.43194, 92.22724], "uv": [4, 4]},
						{"origin": [-8.5, 0.1, -0.5], "size": [1, 1, 1], "pivot": [0, 5, 0], "rotation": [0, -87.5, 0], "uv": [9, 0]},
						{"origin": [-1.11204, -4.0844, -0.5], "size": [1, 9.2, 1], "pivot": [0, 5, 0], "rotation": [-87.03654, -32.46527, 88.40824], "uv": [4, 4]},
						{"origin": [-8.5, 0.1, -0.5], "size": [1, 1, 1], "pivot": [0, 5, 0], "rotation": [0, -81, 0], "uv": [9, 0]},
						{"origin": [-1.11204, -4.0844, -0.5], "size": [1, 9.2, 1], "pivot": [0, 5, 0], "rotation": [-79.36403, -32.05172, 84.30871], "uv": [4, 4]},
						{"origin": [-8.5, 0.1, -0.5], "size": [1, 1, 1], "pivot": [0, 5, 0], "rotation": [0, -75, 0], "uv": [9, 0]},
						{"origin": [-1.11204, -4.0844, -0.5], "size": [1, 9.2, 1], "pivot": [0, 5, 0], "rotation": [-72.37472, -31.26463, 80.63698], "uv": [4, 4]},
						{"origin": [-8.5, 0.1, -0.5], "size": [1, 1, 1], "pivot": [0, 5, 0], "rotation": [0, -68.5, 0], "uv": [9, 0]},
						{"origin": [-1.11204, -4.0844, -0.5], "size": [1, 9.2, 1], "pivot": [0, 5, 0], "rotation": [-64.96482, -29.99424, 76.85763], "uv": [4, 4]},
						{"origin": [-8.5, 0.1, -0.5], "size": [1, 1, 1], "pivot": [0, 5, 0], "rotation": [0, -62.5, 0], "uv": [9, 0]},
						{"origin": [-1.11204, -4.0844, -0.5], "size": [1, 9.2, 1], "pivot": [0, 5, 0], "rotation": [-58.31584, -28.46296, 73.60789], "uv": [4, 4]},
						{"origin": [-8.5, 0.1, -0.5], "size": [1, 1, 1], "pivot": [0, 5, 0], "rotation": [0, -56, 0], "uv": [9, 0]},
						{"origin": [-1.11204, -4.0844, -0.5], "size": [1, 9.2, 1], "pivot": [0, 5, 0], "rotation": [-51.34867, -26.45159, 70.3918], "uv": [4, 4]},
						{"origin": [-8.5, 0.1, -0.5], "size": [1, 1, 1], "pivot": [0, 5, 0], "rotation": [0, -50, 0], "uv": [9, 0]},
						{"origin": [-1.11204, -4.0844, -0.5], "size": [1, 9.2, 1], "pivot": [0, 5, 0], "rotation": [-45.14615, -24.30509, 67.73086], "uv": [4, 4]},
						{"origin": [-8.5, 0.1, -0.5], "size": [1, 1, 1], "pivot": [0, 5, 0], "rotation": [-180, -36.5, 180], "uv": [9, 0]},
						{"origin": [-1.11204, -4.0844, -0.5], "size": [1, 9.2, 1], "pivot": [0, 5, 0], "rotation": [-148.03267, -18.63862, 117.11759], "uv": [4, 4]},
						{"origin": [-8.5, 0.1, -0.5], "size": [1, 1, 1], "pivot": [0, 5, 0], "rotation": [-180, -42.5, 180], "uv": [9, 0]},
						{"origin": [-1.11204, -4.0844, -0.5], "size": [1, 9.2, 1], "pivot": [0, 5, 0], "rotation": [-142.30222, -21.2842, 115.15933], "uv": [4, 4]},
						{"origin": [-8.5, 0.1, -0.5], "size": [1, 1, 1], "pivot": [0, 5, 0], "rotation": [-180, -49, 180], "uv": [9, 0]},
						{"origin": [-1.11204, -4.0844, -0.5], "size": [1, 9.2, 1], "pivot": [0, 5, 0], "rotation": [-135.86623, -23.92279, 112.68277], "uv": [4, 4]},
						{"origin": [-8.5, 0.1, -0.5], "size": [1, 1, 1], "pivot": [0, 5, 0], "rotation": [-180, -55, 180], "uv": [9, 0]},
						{"origin": [-1.11204, -4.0844, -0.5], "size": [1, 9.2, 1], "pivot": [0, 5, 0], "rotation": [-129.70042, -26.11218, 110.07273], "uv": [4, 4]},
						{"origin": [-8.5, 0.1, -0.5], "size": [1, 1, 1], "pivot": [0, 5, 0], "rotation": [-180, -61.5, 180], "uv": [9, 0]},
						{"origin": [-1.11204, -4.0844, -0.5], "size": [1, 9.2, 1], "pivot": [0, 5, 0], "rotation": [-122.77249, -28.17642, 106.90841], "uv": [4, 4]},
						{"origin": [-8.5, 0.1, -0.5], "size": [1, 1, 1], "pivot": [0, 5, 0], "rotation": [-180, -67.5, 180], "uv": [9, 0]},
						{"origin": [-1.11204, -4.0844, -0.5], "size": [1, 9.2, 1], "pivot": [0, 5, 0], "rotation": [-116.15697, -29.76212, 103.70122], "uv": [4, 4]},
						{"origin": [-8.5, 0.1, -0.5], "size": [1, 1, 1], "pivot": [0, 5, 0], "rotation": [-180, -74, 180], "uv": [9, 0]},
						{"origin": [-1.11204, -4.0844, -0.5], "size": [1, 9.2, 1], "pivot": [0, 5, 0], "rotation": [-108.77756, -31.0968, 99.95962], "uv": [4, 4]},
						{"origin": [-8.5, 0.1, -0.5], "size": [1, 1, 1], "pivot": [0, 5, 0], "rotation": [-180, -80, 180], "uv": [9, 0]},
						{"origin": [-1.11204, -4.0844, -0.5], "size": [1, 9.2, 1], "pivot": [0, 5, 0], "rotation": [-101.80868, -31.94715, 96.31274], "uv": [4, 4]},
						{"origin": [-8.5, 0.1, -0.5], "size": [1, 1, 1], "pivot": [0, 5, 0], "rotation": [-180, 13.5, 180], "uv": [9, 0]},
						{"origin": [-1.11204, -4.0844, -0.5], "size": [1, 9.2, 1], "pivot": [0, 5, 0], "rotation": [168.55348, 7.20559, 121.77689], "uv": [4, 4]},
						{"origin": [-8.5, 0.1, -0.5], "size": [1, 1, 1], "pivot": [0, 5, 0], "rotation": [-180, 7.5, 180], "uv": [9, 0]},
						{"origin": [-1.11204, -4.0844, -0.5], "size": [1, 9.2, 1], "pivot": [0, 5, 0], "rotation": [173.66414, 4.02155, 122.27733], "uv": [4, 4]},
						{"origin": [-8.5, 0.1, -0.5], "size": [1, 1, 1], "pivot": [0, 5, 0], "rotation": [-180, 1, 180], "uv": [9, 0]},
						{"origin": [-1.11204, -4.0844, -0.5], "size": [1, 9.2, 1], "pivot": [0, 5, 0], "rotation": [179.15658, 0.53728, 122.49605], "uv": [4, 4]},
						{"origin": [-8.5, 0.1, -0.5], "size": [1, 1, 1], "pivot": [0, 5, 0], "rotation": [-180, -5, 180], "uv": [9, 0]},
						{"origin": [-1.11204, -4.0844, -0.5], "size": [1, 9.2, 1], "pivot": [0, 5, 0], "rotation": [-175.77995, -2.68407, 122.40109], "uv": [4, 4]},
						{"origin": [-8.5, 0.1, -0.5], "size": [1, 1, 1], "pivot": [0, 5, 0], "rotation": [-180, -11.5, 180], "uv": [9, 0]},
						{"origin": [-1.11204, -4.0844, -0.5], "size": [1, 9.2, 1], "pivot": [0, 5, 0], "rotation": [-170.26344, -6.14934, 121.97575], "uv": [4, 4]},
						{"origin": [-8.5, 0.1, -0.5], "size": [1, 1, 1], "pivot": [0, 5, 0], "rotation": [-180, -17.5, 180], "uv": [9, 0]},
						{"origin": [-1.11204, -4.0844, -0.5], "size": [1, 9.2, 1], "pivot": [0, 5, 0], "rotation": [-165.10851, -9.29798, 121.28223], "uv": [4, 4]},
						{"origin": [-8.5, 0.1, -0.5], "size": [1, 1, 1], "pivot": [0, 5, 0], "rotation": [-180, -24, 180], "uv": [9, 0]},
						{"origin": [-1.11204, -4.0844, -0.5], "size": [1, 9.2, 1], "pivot": [0, 5, 0], "rotation": [-159.41874, -12.62326, 120.19909], "uv": [4, 4]},
						{"origin": [-8.5, 0.1, -0.5], "size": [1, 1, 1], "pivot": [0, 5, 0], "rotation": [-180, -30, 180], "uv": [9, 0]},
						{"origin": [-1.11204, -4.0844, -0.5], "size": [1, 9.2, 1], "pivot": [0, 5, 0], "rotation": [-154.03705, -15.58394, 118.88636], "uv": [4, 4]},
						{"origin": [-8.5, 0.1, -0.5], "size": [1, 1, 1], "pivot": [0, 5, 0], "rotation": [-180, 63.5, 180], "uv": [9, 0]},
						{"origin": [-1.11204, -4.0844, -0.5], "size": [1, 9.2, 1], "pivot": [0, 5, 0], "rotation": [120.59, 28.74079, 105.8683], "uv": [4, 4]},
						{"origin": [-8.5, 0.1, -0.5], "size": [1, 1, 1], "pivot": [0, 5, 0], "rotation": [-180, 57.5, 180], "uv": [9, 0]},
						{"origin": [-1.11204, -4.0844, -0.5], "size": [1, 9.2, 1], "pivot": [0, 5, 0], "rotation": [127.0662, 26.94622, 108.89595], "uv": [4, 4]},
						{"origin": [-8.5, 0.1, -0.5], "size": [1, 1, 1], "pivot": [0, 5, 0], "rotation": [-180, 51, 180], "uv": [9, 0]},
						{"origin": [-1.11204, -4.0844, -0.5], "size": [1, 9.2, 1], "pivot": [0, 5, 0], "rotation": [133.83539, 24.68065, 111.8469], "uv": [4, 4]},
						{"origin": [-8.5, 0.1, -0.5], "size": [1, 1, 1], "pivot": [0, 5, 0], "rotation": [-180, 45, 180], "uv": [9, 0]},
						{"origin": [-1.11204, -4.0844, -0.5], "size": [1, 9.2, 1], "pivot": [0, 5, 0], "rotation": [139.856, 22.32924, 114.25045], "uv": [4, 4]},
						{"origin": [-8.5, 0.1, -0.5], "size": [1, 1, 1], "pivot": [0, 5, 0], "rotation": [-180, 38.5, 180], "uv": [9, 0]},
						{"origin": [-1.11204, -4.0844, -0.5], "size": [1, 9.2, 1], "pivot": [0, 5, 0], "rotation": [146.14377, 19.54073, 116.49976], "uv": [4, 4]},
						{"origin": [-8.5, 0.1, -0.5], "size": [1, 1, 1], "pivot": [0, 5, 0], "rotation": [-180, 32.5, 180], "uv": [9, 0]},
						{"origin": [-1.11204, -4.0844, -0.5], "size": [1, 9.2, 1], "pivot": [0, 5, 0], "rotation": [151.75088, 16.7796, 118.24912], "uv": [4, 4]},
						{"origin": [-8.5, 0.1, -0.5], "size": [1, 1, 1], "pivot": [0, 5, 0], "rotation": [-180, 26, 180], "uv": [9, 0]},
						{"origin": [-1.11204, -4.0844, -0.5], "size": [1, 9.2, 1], "pivot": [0, 5, 0], "rotation": [157.64021, 13.62326, 119.79523], "uv": [4, 4]},
						{"origin": [-8.5, 0.1, -0.5], "size": [1, 1, 1], "pivot": [0, 5, 0], "rotation": [-180, 20, 180], "uv": [9, 0]},
						{"origin": [-1.11204, -4.0844, -0.5], "size": [1, 9.2, 1], "pivot": [0, 5, 0], "rotation": [162.93512, 10.58927, 120.90686], "uv": [4, 4]},
						{"origin": [-8.5, 0.1, -0.5], "size": [1, 1, 1], "pivot": [0, 5, 0], "rotation": [0, 66.5, 0], "uv": [9, 0]},
						{"origin": [-1.11204, -4.0844, -0.5], "size": [1, 9.2, 1], "pivot": [0, 5, 0], "rotation": [62.72653, 29.52057, 75.74658], "uv": [4, 4]},
						{"origin": [-8.5, 0.1, -0.5], "size": [1, 1, 1], "pivot": [0, 5, 0], "rotation": [0, 72.5, 0], "uv": [9, 0]},
						{"origin": [-1.11204, -4.0844, -0.5], "size": [1, 9.2, 1], "pivot": [0, 5, 0], "rotation": [69.50193, 30.82594, 79.1552], "uv": [4, 4]},
						{"origin": [-8.5, 0.1, -0.5], "size": [1, 1, 1], "pivot": [0, 5, 0], "rotation": [0, 79, 0], "uv": [9, 0]},
						{"origin": [-1.11204, -4.0844, -0.5], "size": [1, 9.2, 1], "pivot": [0, 5, 0], "rotation": [77.02141, 31.83183, 83.0692], "uv": [4, 4]},
						{"origin": [-8.5, 0.1, -0.5], "size": [1, 1, 1], "pivot": [0, 5, 0], "rotation": [0, 85, 0], "uv": [9, 0]},
						{"origin": [-1.11204, -4.0844, -0.5], "size": [1, 9.2, 1], "pivot": [0, 5, 0], "rotation": [84.07764, 32.36121, 86.82195], "uv": [4, 4]},
						{"origin": [-8.5, 0.1, -0.5], "size": [1, 1, 1], "pivot": [0, 5, 0], "rotation": [180, 88.5, 180], "uv": [9, 0]},
						{"origin": [-1.11204, -4.0844, -0.5], "size": [1, 9.2, 1], "pivot": [0, 5, 0], "rotation": [91.77837, 32.48749, 90.95541], "uv": [4, 4]},
						{"origin": [-8.5, 0.1, -0.5], "size": [1, 1, 1], "pivot": [0, 5, 0], "rotation": [180, 82.5, 180], "uv": [9, 0]},
						{"origin": [-1.11204, -4.0844, -0.5], "size": [1, 9.2, 1], "pivot": [0, 5, 0], "rotation": [98.87221, 32.18826, 94.75346], "uv": [4, 4]},
						{"origin": [-8.5, 0.1, -0.5], "size": [1, 1, 1], "pivot": [0, 5, 0], "rotation": [-180, 76, 180], "uv": [9, 0]},
						{"origin": [-1.11204, -4.0844, -0.5], "size": [1, 9.2, 1], "pivot": [0, 5, 0], "rotation": [106.46902, 31.42215, 98.76156], "uv": [4, 4]},
						{"origin": [-8.5, 0.1, -0.5], "size": [1, 1, 1], "pivot": [0, 5, 0], "rotation": [-180, 70, 180], "uv": [9, 0]},
						{"origin": [-1.11204, -4.0844, -0.5], "size": [1, 9.2, 1], "pivot": [0, 5, 0], "rotation": [113.34288, 30.32448, 102.2921], "uv": [4, 4]},
						{"origin": [-8.5, 0.1, -0.5], "size": [1, 1, 1], "pivot": [0, 5, 0], "rotation": [0, 16.5, 0], "uv": [9, 0]},
						{"origin": [-1.11204, -4.0844, -0.5], "size": [1, 9.2, 1], "pivot": [0, 5, 0], "rotation": [14.02675, 8.77771, 58.58193], "uv": [4, 4]},
						{"origin": [-8.5, 0.1, -0.5], "size": [1, 1, 1], "pivot": [0, 5, 0], "rotation": [0, 10, 0], "uv": [9, 0]},
						{"origin": [-1.11204, -4.0844, -0.5], "size": [1, 9.2, 1], "pivot": [0, 5, 0], "rotation": [8.45862, 5.35355, 57.89618], "uv": [4, 4]},
						{"origin": [-8.5, 0.1, -0.5], "size": [1, 1, 1], "pivot": [0, 5, 0], "rotation": [0, 5, 0], "uv": [9, 0]},
						{"origin": [-1.11204, -4.0844, -0.5], "size": [1, 9.2, 1], "pivot": [0, 5, 0], "rotation": [4.22005, 2.68407, 57.59891], "uv": [4, 4]},
						{"origin": [-8.5, 0.1, -0.5], "size": [1, 1, 1], "pivot": [0, 5, 0], "rotation": [0, 22.5, 0], "uv": [9, 0]},
						{"origin": [-1.11204, -4.0844, -0.5], "size": [1, 9.2, 1], "pivot": [0, 5, 0], "rotation": [19.25656, 11.86554, 59.51995], "uv": [4, 4]},
						{"origin": [-8.5, 0.1, -0.5], "size": [1, 1, 1], "pivot": [0, 5, 0], "rotation": [0, 29, 0], "uv": [9, 0]},
						{"origin": [-1.11204, -4.0844, -0.5], "size": [1, 9.2, 1], "pivot": [0, 5, 0], "rotation": [25.05607, 15.09902, 60.8737], "uv": [4, 4]},
						{"origin": [-8.5, 0.1, -0.5], "size": [1, 1, 1], "pivot": [0, 5, 0], "rotation": [0, 35, 0], "uv": [9, 0]},
						{"origin": [-1.11204, -4.0844, -0.5], "size": [1, 9.2, 1], "pivot": [0, 5, 0], "rotation": [30.56393, 17.94973, 62.44186], "uv": [4, 4]},
						{"origin": [-8.5, 0.1, -0.5], "size": [1, 1, 1], "pivot": [0, 5, 0], "rotation": [0, 41.5, 0], "uv": [9, 0]},
						{"origin": [-1.11204, -4.0844, -0.5], "size": [1, 9.2, 1], "pivot": [0, 5, 0], "rotation": [36.72919, 20.85631, 64.49244], "uv": [4, 4]},
						{"origin": [-8.5, 0.1, -0.5], "size": [1, 1, 1], "pivot": [0, 5, 0], "rotation": [0, 47.5, 0], "uv": [9, 0]},
						{"origin": [-1.11204, -4.0844, -0.5], "size": [1, 9.2, 1], "pivot": [0, 5, 0], "rotation": [42.62647, 23.33702, 66.71303], "uv": [4, 4]},
						{"origin": [-8.5, 0.1, -0.5], "size": [1, 1, 1], "pivot": [0, 5, 0], "rotation": [0, 54, 0], "uv": [9, 0]},
						{"origin": [-1.11204, -4.0844, -0.5], "size": [1, 9.2, 1], "pivot": [0, 5, 0], "rotation": [49.25663, 25.76522, 69.47106], "uv": [4, 4]},
						{"origin": [-8.5, 0.1, -0.5], "size": [1, 1, 1], "pivot": [0, 5, 0], "rotation": [0, 60, 0], "uv": [9, 0]},
						{"origin": [-1.11204, -4.0844, -0.5], "size": [1, 9.2, 1], "pivot": [0, 5, 0], "rotation": [55.6061, 27.73062, 72.3315], "uv": [4, 4]}
					]
				}
			]
		}
	]
}