{
	"format_version": "1.12.0",
	"minecraft:geometry": [
		{
			"description": {
				"identifier": "geometry.couch1_umak",
				"texture_width": 128,
				"texture_height": 128,
				"visible_bounds_width": 4,
				"visible_bounds_height": 3,
				"visible_bounds_offset": [0, 0.5, 0]
			},
			"bones": [
				{
					"name": "couch",
					"pivot": [0, 0, 0],
					"cubes": [
						{"origin": [22, 0, -8], "size": [1, 3, 1], "uv": [6, 0]},
						{"origin": [22, 0, 7], "size": [1, 3, 1], "uv": [0, 6]},
						{"origin": [-23, 0, 7], "size": [1, 3, 1], "uv": [0, 0]},
						{"origin": [-23, 0, -8], "size": [1, 3, 1], "uv": [3, 3]},
						{"origin": [-23, 2, -8], "size": [1, 1, 16], "inflate": -0.3, "uv": [82, 18]},
						{"origin": [22, 2, -8], "size": [1, 1, 16], "inflate": -0.3, "uv": [72, 75]},
						{"origin": [-23, 3, -8], "size": [46, 1, 16], "uv": [0, 0]},
						{"origin": [-17, 4, -8], "size": [34, 2, 15], "uv": [0, 17]},
						{"origin": [0.5, 6.2, -8], "size": [16.5, 2, 14], "uv": [46, 47]},
						{"origin": [-17, 6.2, -8], "size": [16.5, 2, 14], "uv": [0, 45]},
						{"origin": [-17, 6.2, -3], "size": [16.5, 2, 10], "pivot": [-1, 8.2, 6], "rotation": [-102.5, 0, 0], "uv": [72, 63]},
						{"origin": [0.5, 6.2, -3], "size": [16.5, 2, 10], "pivot": [-1, 8.2, 6], "rotation": [-102.5, 0, 0], "uv": [60, 35]},
						{"origin": [17, 4, -8], "size": [6, 10, 16], "uv": [44, 63]},
						{"origin": [-17, 4, 7], "size": [34, 10, 1], "uv": [0, 34]},
						{"origin": [-23, 4, -8], "size": [6, 10, 16], "uv": [0, 61]}
					]
				}
			]
		}
	]
}