{
	"format_version": "1.12.0",
	"minecraft:geometry": [
		{
			"description": {
				"identifier": "geometry.cup_umak",
				"texture_width": 16,
				"texture_height": 16,
				"visible_bounds_width": 3,
				"visible_bounds_height": 2.5,
				"visible_bounds_offset": [0, 0.75, 0]
			},
			"bones": [
				{
					"name": "cup",
					"pivot": [0, 0, 0],
					"cubes": [
						{"origin": [-1, -0.3, -1], "size": [2, 1, 2], "inflate": -0.425, "uv": [0, 0]},
						{"origin": [-0.5, -0.3, 0.1], "size": [1, 1, 1], "inflate": -0.3, "uv": [3, 7]},
						{"origin": [-0.5, -0.3, 0.1], "size": [1, 1, 1], "inflate": -0.3, "pivot": [0, 0, 0], "rotation": [0, 27.5, 0], "uv": [3, 7]},
						{"origin": [-0.5, -0.3, 0.1], "size": [1, 1, 1], "inflate": -0.3, "pivot": [0, 0, 0], "rotation": [0, 82.5, 0], "uv": [3, 7]},
						{"origin": [-0.5, -0.3, 0.1], "size": [1, 1, 1], "inflate": -0.3, "pivot": [0, 0, 0], "rotation": [0, 55, 0], "uv": [3, 7]},
						{"origin": [-0.5, -0.3, 0.1], "size": [1, 1, 1], "inflate": -0.3, "pivot": [0, 0, 0], "rotation": [-180, -12.5, 180], "uv": [3, 7]},
						{"origin": [-0.5, -0.3, 0.1], "size": [1, 1, 1], "inflate": -0.3, "pivot": [0, 0, 0], "rotation": [-180, 15, 180], "uv": [3, 7]},
						{"origin": [-0.5, -0.3, 0.1], "size": [1, 1, 1], "inflate": -0.3, "pivot": [0, 0, 0], "rotation": [-180, 42.5, 180], "uv": [3, 7]},
						{"origin": [-0.5, -0.3, 0.1], "size": [1, 1, 1], "inflate": -0.3, "pivot": [0, 0, 0], "rotation": [-180, 70, 180], "uv": [3, 7]},
						{"origin": [-0.5, -0.3, 0.1], "size": [1, 1, 1], "inflate": -0.3, "pivot": [0, 0, 0], "rotation": [0, -57.5, 0], "uv": [3, 7]},
						{"origin": [-0.5, -0.3, 0.1], "size": [1, 1, 1], "inflate": -0.3, "pivot": [0, 0, 0], "rotation": [0, -27.5, 0], "uv": [3, 7]},
						{"origin": [-0.5, -0.3, 0.1], "size": [1, 1, 1], "inflate": -0.3, "pivot": [0, 0, 0], "rotation": [-180, -67.5, 180], "uv": [3, 7]},
						{"origin": [-0.5, -0.3, 0.1], "size": [1, 1, 1], "inflate": -0.3, "pivot": [0, 0, 0], "rotation": [0, -85, 0], "uv": [3, 7]},
						{"origin": [-0.5, -0.3, 0.1], "size": [1, 1, 1], "inflate": -0.3, "pivot": [0, 0, 0], "rotation": [-180, -40, 180], "uv": [3, 7]}
					]
				},
				{
					"name": "top",
					"parent": "cup",
					"pivot": [0, 12, 0],
					"cubes": [
						{"origin": [-0.5, 0, 0.5], "size": [1, 4, 1], "inflate": -0.3, "uv": [0, 3]},
						{"origin": [-0.5, 0, 0.5], "size": [1, 4, 1], "inflate": -0.3, "pivot": [0, 0, 0], "rotation": [0, 17.5, 0], "uv": [0, 3]},
						{"origin": [-0.5, 0, 0.5], "size": [1, 4, 1], "inflate": -0.3, "pivot": [0, 0, 0], "rotation": [0, 52.5, 0], "uv": [0, 3]},
						{"origin": [-0.5, 0, 0.5], "size": [1, 4, 1], "inflate": -0.3, "pivot": [0, 0, 0], "rotation": [0, 35, 0], "uv": [0, 3]},
						{"origin": [-0.5, 0, 0.5], "size": [1, 4, 1], "inflate": -0.3, "pivot": [0, 0, 0], "rotation": [-180, 57.5, 180], "uv": [0, 3]},
						{"origin": [-0.5, 0, 0.5], "size": [1, 4, 1], "inflate": -0.3, "pivot": [0, 0, 0], "rotation": [-180, 75, 180], "uv": [0, 3]},
						{"origin": [-0.5, 0, 0.5], "size": [1, 4, 1], "inflate": -0.3, "pivot": [0, 0, 0], "rotation": [0, 87.5, 0], "uv": [0, 3]},
						{"origin": [-0.5, 0, 0.5], "size": [1, 4, 1], "inflate": -0.3, "pivot": [0, 0, 0], "rotation": [0, 70, 0], "uv": [0, 3]},
						{"origin": [-0.5, 0, 0.5], "size": [1, 4, 1], "inflate": -0.3, "pivot": [0, 0, 0], "rotation": [-180, -82.5, 180], "uv": [0, 3]},
						{"origin": [-0.5, 0, 0.5], "size": [1, 4, 1], "inflate": -0.3, "pivot": [0, 0, 0], "rotation": [-180, -65, 180], "uv": [0, 3]},
						{"origin": [-0.5, 0, 0.5], "size": [1, 4, 1], "inflate": -0.3, "pivot": [0, 0, 0], "rotation": [-180, -47.5, 180], "uv": [0, 3]},
						{"origin": [-0.5, 0, 0.5], "size": [1, 4, 1], "inflate": -0.3, "pivot": [0, 0, 0], "rotation": [-180, -30, 180], "uv": [0, 3]},
						{"origin": [-0.5, 0, 0.5], "size": [1, 4, 1], "inflate": -0.3, "pivot": [0, 0, 0], "rotation": [-180, -12.5, 180], "uv": [0, 3]},
						{"origin": [-0.5, 0, 0.5], "size": [1, 4, 1], "inflate": -0.3, "pivot": [0, 0, 0], "rotation": [-180, 5, 180], "uv": [0, 3]},
						{"origin": [-0.5, 0, 0.5], "size": [1, 4, 1], "inflate": -0.3, "pivot": [0, 0, 0], "rotation": [-180, 22.5, 180], "uv": [0, 3]},
						{"origin": [-0.5, 0, 0.5], "size": [1, 4, 1], "inflate": -0.3, "pivot": [0, 0, 0], "rotation": [-180, 40, 180], "uv": [0, 3]},
						{"origin": [-0.5, 0, 0.5], "size": [1, 4, 1], "inflate": -0.3, "pivot": [0, 0, 0], "rotation": [0, -27.5, 0], "uv": [0, 3]},
						{"origin": [-0.5, 0, 0.5], "size": [1, 4, 1], "inflate": -0.3, "pivot": [0, 0, 0], "rotation": [0, -12.5, 0], "uv": [0, 3]},
						{"origin": [-0.5, 0, 0.5], "size": [1, 4, 1], "inflate": -0.3, "pivot": [0, 0, 0], "rotation": [0, -45, 0], "uv": [0, 3]},
						{"origin": [-0.5, 0, 0.5], "size": [1, 4, 1], "inflate": -0.3, "pivot": [0, 0, 0], "rotation": [0, -62.5, 0], "uv": [0, 3]},
						{"origin": [-0.5, 0, 0.5], "size": [1, 4, 1], "inflate": -0.3, "pivot": [0, 0, 0], "rotation": [0, -80, 0], "uv": [0, 3]},
						{"origin": [-0.5, 2.5, 0.8], "size": [1, 1, 1.5], "inflate": -0.325, "uv": [7, 2]},
						{"origin": [-0.5, 0.5, 0.8], "size": [1, 1, 1.5], "inflate": -0.325, "uv": [6, 0]},
						{"origin": [-0.5, 0.5, 1.3], "size": [1, 3, 1], "inflate": -0.3, "uv": [4, 3]}
					]
				}
			]
		}
	]
}