{
	"format_version": "1.12.0",
	"minecraft:geometry": [
		{
			"description": {
				"identifier": "geometry.duckplush_umak",
				"texture_width": 64,
				"texture_height": 64,
				"visible_bounds_width": 3,
				"visible_bounds_height": 2.5,
				"visible_bounds_offset": [0, 0.75, 0]
			},
			"bones": [
				{
					"name": "duck",
					"pivot": [0, -3, 0],
					"rotation": [0, 30, 0]
				},
				{
					"name": "head",
					"parent": "duck",
					"pivot": [0, 5, -2],
					"cubes": [
						{"origin": [-1.5, 5, -4], "size": [3, 3, 3], "uv": [23, 0]},
						{"origin": [-0.5, 5.5, -6], "size": [1, 1, 2], "uv": [0, 0]},
						{"origin": [-1, 5, -6], "size": [2, 1, 2], "uv": [32, 29]},
						{"origin": [-1, 5.2, -7], "size": [2, 1, 3], "uv": [0, 30]}
					]
				},
				{
					"name": "body",
					"parent": "duck",
					"pivot": [0, -3, 0],
					"cubes": [
						{"origin": [-2, 0, -3], "size": [4, 1, 6], "uv": [0, 7]},
						{"origin": [-2, 1, 3], "size": [4, 3, 1], "uv": [30, 6]},
						{"origin": [-0.5, 3, 3], "size": [1, 3, 1], "pivot": [-1, 2, 2], "rotation": [-22.5, 0, 0], "uv": [0, 7]},
						{"origin": [0.5, 3, 3], "size": [1, 2, 1], "pivot": [0, 2, 2], "rotation": [-22.5, 0, 0], "uv": [14, 0]},
						{"origin": [-1.5, 3, 3], "size": [1, 2, 1], "pivot": [-2, 2, 2], "rotation": [-22.5, 0, 0], "uv": [0, 3]},
						{"origin": [-2, 3.5, -3], "size": [4, 1, 6], "uv": [0, 0]},
						{"origin": [-2, 1, -4], "size": [4, 3, 1], "uv": [22, 30]},
						{"origin": [2, 1, -3], "size": [1, 3, 6], "uv": [27, 17]},
						{"origin": [-1, 4, -3], "size": [2, 1, 2], "uv": [0, 34]},
						{"origin": [-3, 1, -3], "size": [1, 3, 6], "uv": [22, 8]}
					]
				}
			]
		}
	]
}