{
	"format_version": "1.12.0",
	"minecraft:geometry": [
		{
			"description": {
				"identifier": "geometry.ibm5150_1_umak",
				"texture_width": 128,
				"texture_height": 128,
				"visible_bounds_width": 4,
				"visible_bounds_height": 3.5,
				"visible_bounds_offset": [0, 1.25, 0]
			},
			"bones": [
				{
					"name": "ibm_5150",
					"pivot": [0, -16, -1],
					"cubes": [
						{"origin": [-5.5, 0, -2], "size": [11, 3, 9], "uv": [0, 19]},
						{"origin": [-0.9, 0.2, 6.7], "size": [1, 1, 1], "inflate": -0.25, "uv": [57, 31]},
						{"origin": [-0.9, 0.2, 7.1], "size": [1, 1, 1], "inflate": -0.325, "uv": [31, 57]},
						{"origin": [-6.9, 0.2, 7.45], "size": [7, 1, 1], "inflate": -0.325, "uv": [42, 30]},
						{"origin": [-6.9, -0.2, -4.225], "size": [2, 1, 1], "inflate": -0.325, "uv": [26, 36]},
						{"origin": [-6.3, -0.2, -4.225], "size": [1, 1, 1], "inflate": -0.25, "uv": [27, 57]},
						{"origin": [-6.9, 0.2, -3.9], "size": [1, 1, 12], "inflate": -0.325, "pivot": [-6.8, 0.875, 7.775], "rotation": [2, 0, 0], "uv": [28, 26]},
						{"origin": [-1.9, 0.2, 6.7], "size": [1, 1, 1], "inflate": -0.25, "uv": [23, 57]},
						{"origin": [-3.9, 0, 6.4], "size": [1, 3, 1], "inflate": -0.35, "uv": [36, 33]},
						{"origin": [-4.5, 0, 6.4], "size": [1, 3, 1], "inflate": -0.35, "uv": [4, 35]},
						{"origin": [-2.7, 0, 6.4], "size": [1, 3, 1], "inflate": -0.35, "uv": [0, 35]},
						{"origin": [-3.3, 0, 6.4], "size": [1, 3, 1], "inflate": -0.35, "uv": [31, 20]},
						{"origin": [-5.1, 0, 6.4], "size": [1, 3, 1], "inflate": -0.35, "uv": [31, 0]},
						{"origin": [5, 0, 5.2], "size": [1, 2, 2], "inflate": -0.4, "uv": [0, 31]},
						{"origin": [5.2, 0.2, 5.6], "size": [1, 1, 1.3], "inflate": -0.3, "uv": [19, 57]},
						{"origin": [-1, 1.2, -2.5], "size": [2, 1.5, 1], "inflate": -0.3, "uv": [31, 26]},
						{"origin": [2, 1.2, -2.5], "size": [2, 1.5, 1], "inflate": -0.3, "uv": [3, 26]},
						{"origin": [-5.7, -0.2, -3.2], "size": [11.4, 1, 1.4], "inflate": -0.2, "uv": [38, 8]},
						{"origin": [4.495, 0.6, -3], "size": [1, 2.4, 1], "pivot": [-5, 0.6, -3], "rotation": [-14.5, 0, 0], "uv": [0, 40]},
						{"origin": [-5.495, 0.6, -3], "size": [4, 2.4, 1], "pivot": [-5, 0.6, -3], "rotation": [-14.5, 0, 0], "uv": [26, 33]},
						{"origin": [-5.8, 2.3, -2.7], "size": [11.6, 1, 1], "inflate": -0.3, "uv": [38, 6]},
						{"origin": [-4.5, 3.2, -2], "size": [9, 1, 8], "uv": [31, 11]},
						{"origin": [2.5, 2.2, -1], "size": [1, 1, 1], "uv": [57, 16]},
						{"origin": [2.5, 2.2, 4], "size": [1, 1, 1], "uv": [15, 57]},
						{"origin": [-3.5, 2.2, 4], "size": [1, 1, 1], "uv": [57, 14]},
						{"origin": [-3.5, 2.2, -1], "size": [1, 1, 1], "uv": [57, 12]},
						{"origin": [-4.5, 10.2, -2], "size": [9, 1, 8], "uv": [0, 31]},
						{"origin": [-3.5, 4.2, 5], "size": [7, 6, 1], "uv": [36, 39]},
						{"origin": [-3.5, 5.2, 5.6], "size": [7, 4, 1], "uv": [10, 40]},
						{"origin": [-4, 9.6, -1.9], "size": [8, 1, 1], "inflate": -0.2, "uv": [42, 28]},
						{"origin": [-4, 3.8, -1.9], "size": [8, 1, 1], "inflate": -0.2, "uv": [42, 26]},
						{"origin": [-4, 4.4, -1.9], "size": [1, 6, 1], "inflate": -0.2, "uv": [4, 19]},
						{"origin": [2.2, 4.4, -1.9], "size": [1, 6, 1], "inflate": -0.2, "uv": [0, 0]},
						{"origin": [2.6, 5.2, -2.5], "size": [1, 1, 1], "inflate": -0.3, "uv": [57, 10]},
						{"origin": [2.6, 6.2, -2.5], "size": [1, 1, 1], "inflate": -0.3, "uv": [55, 56]},
						{"origin": [2.5, 3.4, -2.1], "size": [1.7, 7, 1], "inflate": -0.2, "uv": [0, 19]},
						{"origin": [-4.5, 4.2, -2], "size": [1, 6, 8], "uv": [0, 40]},
						{"origin": [-6.3, 1.2, -4.5], "size": [12, 12, 7], "inflate": -3.1, "uv": [0, 0]},
						{"origin": [3.5, 4.2, -2], "size": [1, 6, 8], "uv": [26, 39]}
					]
				},
				{
					"name": "keyboard",
					"parent": "ibm_5150",
					"pivot": [0, -16, -1],
					"cubes": [
						{"origin": [-6, -0.3, -8.1], "size": [12, 1, 5], "inflate": -0.3, "uv": [31, 20]},
						{"origin": [-6, -0.3, -8.1], "size": [12, 1, 5], "inflate": -0.3, "pivot": [0, 0.4, -7.8], "rotation": [5, 0, 0], "uv": [31, 0]},
						{"origin": [-5.4, -0.1, -7.5], "size": [1, 1, 1], "inflate": -0.3, "pivot": [0, 0.4, -7.8], "rotation": [5, 0, 0], "uv": [56, 54]},
						{"origin": [-5.4, -0.1, -7], "size": [1, 1, 1], "inflate": -0.3, "pivot": [0, 0.4, -7.8], "rotation": [5, 0, 0], "uv": [56, 52]},
						{"origin": [-5.4, -0.1, -6.5], "size": [1, 1, 1], "inflate": -0.3, "pivot": [0, 0.4, -7.8], "rotation": [5, 0, 0], "uv": [56, 50]},
						{"origin": [-5.4, -0.1, -6], "size": [1, 1, 1], "inflate": -0.3, "pivot": [0, 0.4, -7.8], "rotation": [5, 0, 0], "uv": [56, 48]},
						{"origin": [-5.4, -0.1, -5.5], "size": [1, 1, 1], "inflate": -0.3, "pivot": [0, 0.4, -7.8], "rotation": [5, 0, 0], "uv": [56, 46]},
						{"origin": [-4.9, -0.1, -5.5], "size": [1, 1, 1], "inflate": -0.3, "pivot": [0, 0.4, -7.8], "rotation": [5, 0, 0], "uv": [46, 56]},
						{"origin": [-3.9, -0.1, -5.5], "size": [1, 1, 1], "inflate": -0.3, "pivot": [0, 0.4, -7.8], "rotation": [5, 0, 0], "uv": [56, 44]},
						{"origin": [-3.8, -0.1, -6], "size": [1, 1, 1], "inflate": -0.3, "pivot": [0, 0.4, -7.8], "rotation": [5, 0, 0], "uv": [38, 56]},
						{"origin": [-3.8, -0.1, -6.5], "size": [1, 1, 1], "inflate": -0.3, "pivot": [0, 0.4, -7.8], "rotation": [5, 0, 0], "uv": [12, 56]},
						{"origin": [-4, -0.1, -7], "size": [1, 1, 1], "inflate": -0.3, "pivot": [0, 0.4, -7.8], "rotation": [5, 0, 0], "uv": [8, 56]},
						{"origin": [-4.1, -0.2, -7], "size": [1.2, 1, 1], "inflate": -0.3, "pivot": [0, 0.4, -7.8], "rotation": [5, 0, 0], "uv": [4, 56]},
						{"origin": [-4.1, -0.2, -6.5], "size": [1.6, 1, 1], "inflate": -0.3, "pivot": [0, 0.4, -7.8], "rotation": [5, 0, 0], "uv": [0, 56]},
						{"origin": [-4.1, -0.2, -6], "size": [1.4, 1, 1], "inflate": -0.3, "pivot": [0, 0.4, -7.8], "rotation": [5, 0, 0], "uv": [52, 55]},
						{"origin": [-4.1, -0.2, -7.5], "size": [1.6, 1, 1], "inflate": -0.3, "pivot": [0, 0.4, -7.8], "rotation": [5, 0, 0], "uv": [43, 55]},
						{"origin": [-3.8, -0.1, -7.5], "size": [1, 1, 1], "inflate": -0.3, "pivot": [0, 0.4, -7.8], "rotation": [5, 0, 0], "uv": [55, 42]},
						{"origin": [-2.9, -0.1, -7.5], "size": [6, 1, 1], "inflate": -0.3, "pivot": [0, 0.4, -7.8], "rotation": [5, 0, 0], "uv": [26, 31]},
						{"origin": [-3.4, -0.1, -5.5], "size": [1, 1, 1], "inflate": -0.3, "pivot": [0, 0.4, -7.8], "rotation": [5, 0, 0], "uv": [55, 40]},
						{"origin": [-3.2, -0.1, -6], "size": [1, 1, 1], "inflate": -0.3, "pivot": [0, 0.4, -7.8], "rotation": [5, 0, 0], "uv": [55, 38]},
						{"origin": [-2.7, -0.1, -6], "size": [1, 1, 1], "inflate": -0.3, "pivot": [0, 0.4, -7.8], "rotation": [5, 0, 0], "uv": [35, 55]},
						{"origin": [-1.7, -0.1, -6], "size": [1, 1, 1], "inflate": -0.3, "pivot": [0, 0.4, -7.8], "rotation": [5, 0, 0], "uv": [31, 55]},
						{"origin": [-2.2, -0.1, -6], "size": [1, 1, 1], "inflate": -0.3, "pivot": [0, 0.4, -7.8], "rotation": [5, 0, 0], "uv": [27, 55]},
						{"origin": [-0.7, -0.1, -6], "size": [1, 1, 1], "inflate": -0.3, "pivot": [0, 0.4, -7.8], "rotation": [5, 0, 0], "uv": [23, 55]},
						{"origin": [-1.2, -0.1, -6], "size": [1, 1, 1], "inflate": -0.3, "pivot": [0, 0.4, -7.8], "rotation": [5, 0, 0], "uv": [19, 55]},
						{"origin": [0.3, -0.1, -6], "size": [1, 1, 1], "inflate": -0.3, "pivot": [0, 0.4, -7.8], "rotation": [5, 0, 0], "uv": [15, 55]},
						{"origin": [-0.2, -0.1, -6], "size": [1, 1, 1], "inflate": -0.3, "pivot": [0, 0.4, -7.8], "rotation": [5, 0, 0], "uv": [49, 54]},
						{"origin": [1.3, -0.1, -6], "size": [1, 1, 1], "inflate": -0.3, "pivot": [0, 0.4, -7.8], "rotation": [5, 0, 0], "uv": [40, 54]},
						{"origin": [0.8, -0.1, -6], "size": [1, 1, 1], "inflate": -0.3, "pivot": [0, 0.4, -7.8], "rotation": [5, 0, 0], "uv": [54, 36]},
						{"origin": [2.3, -0.1, -6], "size": [1, 1, 1], "inflate": -0.3, "pivot": [0, 0.4, -7.8], "rotation": [5, 0, 0], "uv": [54, 34]},
						{"origin": [2.8, -0.1, -6], "size": [1, 1, 1], "inflate": -0.3, "pivot": [0, 0.4, -7.8], "rotation": [5, 0, 0], "uv": [54, 32]},
						{"origin": [1.8, -0.1, -6], "size": [1, 1, 1], "inflate": -0.3, "pivot": [0, 0.4, -7.8], "rotation": [5, 0, 0], "uv": [12, 54]},
						{"origin": [-3, -0.1, -6.5], "size": [1, 1, 1], "inflate": -0.3, "pivot": [0, 0.4, -7.8], "rotation": [5, 0, 0], "uv": [8, 54]},
						{"origin": [-2.5, -0.1, -6.5], "size": [1, 1, 1], "inflate": -0.3, "pivot": [0, 0.4, -7.8], "rotation": [5, 0, 0], "uv": [4, 54]},
						{"origin": [-2, -0.1, -6.5], "size": [1, 1, 1], "inflate": -0.3, "pivot": [0, 0.4, -7.8], "rotation": [5, 0, 0], "uv": [0, 54]},
						{"origin": [-1.5, -0.1, -6.5], "size": [1, 1, 1], "inflate": -0.3, "pivot": [0, 0.4, -7.8], "rotation": [5, 0, 0], "uv": [53, 53]},
						{"origin": [-1, -0.1, -6.5], "size": [1, 1, 1], "inflate": -0.3, "pivot": [0, 0.4, -7.8], "rotation": [5, 0, 0], "uv": [53, 51]},
						{"origin": [-0.5, -0.1, -6.5], "size": [1, 1, 1], "inflate": -0.3, "pivot": [0, 0.4, -7.8], "rotation": [5, 0, 0], "uv": [53, 49]},
						{"origin": [0, -0.1, -6.5], "size": [1, 1, 1], "inflate": -0.3, "pivot": [0, 0.4, -7.8], "rotation": [5, 0, 0], "uv": [53, 47]},
						{"origin": [0.5, -0.1, -6.5], "size": [1, 1, 1], "inflate": -0.3, "pivot": [0, 0.4, -7.8], "rotation": [5, 0, 0], "uv": [46, 53]},
						{"origin": [-2.8, -0.1, -7], "size": [1, 1, 1], "inflate": -0.3, "pivot": [0, 0.4, -7.8], "rotation": [5, 0, 0], "uv": [53, 45]},
						{"origin": [-3.3, -0.1, -7], "size": [1, 1, 1], "inflate": -0.3, "pivot": [0, 0.4, -7.8], "rotation": [5, 0, 0], "uv": [37, 53]},
						{"origin": [-2.3, -0.1, -7], "size": [1, 1, 1], "inflate": -0.3, "pivot": [0, 0.4, -7.8], "rotation": [5, 0, 0], "uv": [33, 53]},
						{"origin": [-1.8, -0.1, -7], "size": [1, 1, 1], "inflate": -0.3, "pivot": [0, 0.4, -7.8], "rotation": [5, 0, 0], "uv": [29, 53]},
						{"origin": [-1.3, -0.1, -7], "size": [1, 1, 1], "inflate": -0.3, "pivot": [0, 0.4, -7.8], "rotation": [5, 0, 0], "uv": [25, 53]},
						{"origin": [-0.8, -0.1, -7], "size": [1, 1, 1], "inflate": -0.3, "pivot": [0, 0.4, -7.8], "rotation": [5, 0, 0], "uv": [21, 53]},
						{"origin": [-0.3, -0.1, -7], "size": [1, 1, 1], "inflate": -0.3, "pivot": [0, 0.4, -7.8], "rotation": [5, 0, 0], "uv": [17, 53]},
						{"origin": [0.2, -0.1, -7], "size": [1, 1, 1], "inflate": -0.3, "pivot": [0, 0.4, -7.8], "rotation": [5, 0, 0], "uv": [50, 52]},
						{"origin": [0.7, -0.1, -7], "size": [1, 1, 1], "inflate": -0.3, "pivot": [0, 0.4, -7.8], "rotation": [5, 0, 0], "uv": [52, 43]},
						{"origin": [2.2, -0.1, -7], "size": [1, 1, 1], "inflate": -0.3, "pivot": [0, 0.4, -7.8], "rotation": [5, 0, 0], "uv": [43, 52]},
						{"origin": [2.9, -0.1, -7], "size": [1, 1, 1], "inflate": -0.3, "pivot": [0, 0.4, -7.8], "rotation": [5, 0, 0], "uv": [52, 41]},
						{"origin": [2.9, -0.1, -7.5], "size": [1, 1, 1], "inflate": -0.3, "pivot": [0, 0.4, -7.8], "rotation": [5, 0, 0], "uv": [52, 39]},
						{"origin": [2.6, -0.2, -7.5], "size": [1.6, 1, 1], "inflate": -0.3, "pivot": [0, 0.4, -7.8], "rotation": [5, 0, 0], "uv": [47, 51]},
						{"origin": [3.7, -0.2, -7.5], "size": [1.4, 1, 1], "inflate": -0.3, "pivot": [0, 0.4, -7.8], "rotation": [5, 0, 0], "uv": [51, 35]},
						{"origin": [3.9, -0.1, -7.5], "size": [1, 1, 1], "inflate": -0.3, "pivot": [0, 0.4, -7.8], "rotation": [5, 0, 0], "uv": [51, 33]},
						{"origin": [3.7, -0.1, -7], "size": [1, 1, 1], "inflate": -0.3, "pivot": [0, 0.4, -7.8], "rotation": [5, 0, 0], "uv": [22, 51]},
						{"origin": [4.2, -0.1, -7], "size": [1, 1, 1], "inflate": -0.3, "pivot": [0, 0.4, -7.8], "rotation": [5, 0, 0], "uv": [18, 51]},
						{"origin": [4.7, -0.1, -7], "size": [1, 1, 1], "inflate": -0.3, "pivot": [0, 0.4, -7.8], "rotation": [5, 0, 0], "uv": [50, 50]},
						{"origin": [4.7, -0.1, -6.5], "size": [1, 1, 1], "inflate": -0.3, "pivot": [0, 0.4, -7.8], "rotation": [5, 0, 0], "uv": [50, 48]},
						{"origin": [4.2, -0.1, -6.5], "size": [1, 1, 1], "inflate": -0.3, "pivot": [0, 0.4, -7.8], "rotation": [5, 0, 0], "uv": [50, 46]},
						{"origin": [3.7, -0.1, -6.5], "size": [1, 1, 1], "inflate": -0.3, "pivot": [0, 0.4, -7.8], "rotation": [5, 0, 0], "uv": [44, 50]},
						{"origin": [4.7, -0.1, -6], "size": [1, 1, 1], "inflate": -0.3, "pivot": [0, 0.4, -7.8], "rotation": [5, 0, 0], "uv": [47, 49]},
						{"origin": [4.2, -0.1, -6], "size": [1, 1, 1], "inflate": -0.3, "pivot": [0, 0.4, -7.8], "rotation": [5, 0, 0], "uv": [22, 49]},
						{"origin": [3.7, -0.1, -6], "size": [1, 1, 1], "inflate": -0.3, "pivot": [0, 0.4, -7.8], "rotation": [5, 0, 0], "uv": [18, 49]},
						{"origin": [4.6, -0.2, -7.5], "size": [1.3, 1, 1], "inflate": -0.3, "pivot": [0, 0.4, -7.8], "rotation": [5, 0, 0], "uv": [44, 48]},
						{"origin": [4.8, -0.1, -7.5], "size": [1, 1, 1], "inflate": -0.3, "pivot": [0, 0.4, -7.8], "rotation": [5, 0, 0], "uv": [48, 36]},
						{"origin": [2.7, -0.2, -7], "size": [1.5, 1, 1], "inflate": -0.3, "pivot": [0, 0.4, -7.8], "rotation": [5, 0, 0], "uv": [48, 34]},
						{"origin": [2.7, -0.2, -5.5], "size": [1.5, 1, 1], "inflate": -0.3, "pivot": [0, 0.4, -7.8], "rotation": [5, 0, 0], "uv": [48, 32]},
						{"origin": [2.9, -0.1, -5.5], "size": [1, 1, 1], "inflate": -0.3, "pivot": [0, 0.4, -7.8], "rotation": [5, 0, 0], "uv": [47, 47]},
						{"origin": [3.7, -0.2, -5.5], "size": [1.2, 1, 1], "inflate": -0.3, "pivot": [0, 0.4, -7.8], "rotation": [5, 0, 0], "uv": [22, 47]},
						{"origin": [3.8, -0.1, -5.5], "size": [1, 1, 1], "inflate": -0.3, "pivot": [0, 0.4, -7.8], "rotation": [5, 0, 0], "uv": [18, 47]},
						{"origin": [4.4, -0.2, -5.5], "size": [1.2, 1, 1], "inflate": -0.3, "pivot": [0, 0.4, -7.8], "rotation": [5, 0, 0], "uv": [44, 46]},
						{"origin": [4.5, -0.1, -5.5], "size": [1, 1, 1], "inflate": -0.3, "pivot": [0, 0.4, -7.8], "rotation": [5, 0, 0], "uv": [3, 46]},
						{"origin": [2.5, -0.2, -6.5], "size": [1.7, 1, 1], "inflate": -0.3, "pivot": [0, 0.4, -7.8], "rotation": [5, 0, 0], "uv": [45, 35]},
						{"origin": [1.2, -0.1, -7], "size": [1, 1, 1], "inflate": -0.3, "pivot": [0, 0.4, -7.8], "rotation": [5, 0, 0], "uv": [45, 33]},
						{"origin": [1.7, -0.1, -7], "size": [1, 1, 1], "inflate": -0.3, "pivot": [0, 0.4, -7.8], "rotation": [5, 0, 0], "uv": [22, 45]},
						{"origin": [1, -0.1, -6.5], "size": [1, 1, 1], "inflate": -0.3, "pivot": [0, 0.4, -7.8], "rotation": [5, 0, 0], "uv": [18, 45]},
						{"origin": [1.5, -0.1, -6.5], "size": [1, 1, 1], "inflate": -0.3, "pivot": [0, 0.4, -7.8], "rotation": [5, 0, 0], "uv": [14, 45]},
						{"origin": [2, -0.1, -6.5], "size": [1, 1, 1], "inflate": -0.3, "pivot": [0, 0.4, -7.8], "rotation": [5, 0, 0], "uv": [10, 45]},
						{"origin": [2.9, -0.1, -6.5], "size": [1, 1, 1], "inflate": -0.3, "pivot": [0, 0.4, -7.8], "rotation": [5, 0, 0], "uv": [0, 45]},
						{"origin": [-2.4, -0.1, -5.5], "size": [1, 1, 1], "inflate": -0.3, "pivot": [0, 0.4, -7.8], "rotation": [5, 0, 0], "uv": [29, 44]},
						{"origin": [-2.9, -0.1, -5.5], "size": [1, 1, 1], "inflate": -0.3, "pivot": [0, 0.4, -7.8], "rotation": [5, 0, 0], "uv": [25, 44]},
						{"origin": [-0.9, -0.1, -5.5], "size": [1, 1, 1], "inflate": -0.3, "pivot": [0, 0.4, -7.8], "rotation": [5, 0, 0], "uv": [3, 44]},
						{"origin": [-1.4, -0.1, -5.5], "size": [1, 1, 1], "inflate": -0.3, "pivot": [0, 0.4, -7.8], "rotation": [5, 0, 0], "uv": [0, 43]},
						{"origin": [-1.9, -0.1, -5.5], "size": [1, 1, 1], "inflate": -0.3, "pivot": [0, 0.4, -7.8], "rotation": [5, 0, 0], "uv": [42, 36]},
						{"origin": [0.6, -0.1, -5.5], "size": [1, 1, 1], "inflate": -0.3, "pivot": [0, 0.4, -7.8], "rotation": [5, 0, 0], "uv": [42, 34]},
						{"origin": [1.1, -0.1, -5.5], "size": [1, 1, 1], "inflate": -0.3, "pivot": [0, 0.4, -7.8], "rotation": [5, 0, 0], "uv": [42, 32]},
						{"origin": [2.1, -0.1, -5.5], "size": [1, 1, 1], "inflate": -0.3, "pivot": [0, 0.4, -7.8], "rotation": [5, 0, 0], "uv": [30, 42]},
						{"origin": [1.6, -0.1, -5.5], "size": [1, 1, 1], "inflate": -0.3, "pivot": [0, 0.4, -7.8], "rotation": [5, 0, 0], "uv": [26, 42]},
						{"origin": [0.1, -0.1, -5.5], "size": [1, 1, 1], "inflate": -0.3, "pivot": [0, 0.4, -7.8], "rotation": [5, 0, 0], "uv": [3, 42]},
						{"origin": [-0.4, -0.1, -5.5], "size": [1, 1, 1], "inflate": -0.3, "pivot": [0, 0.4, -7.8], "rotation": [5, 0, 0], "uv": [30, 40]},
						{"origin": [-4.9, -0.1, -6], "size": [1, 1, 1], "inflate": -0.3, "pivot": [0, 0.4, -7.8], "rotation": [5, 0, 0], "uv": [26, 40]},
						{"origin": [-4.9, -0.1, -7], "size": [1, 1, 1], "inflate": -0.3, "pivot": [0, 0.4, -7.8], "rotation": [5, 0, 0], "uv": [4, 40]},
						{"origin": [-4.9, -0.1, -6.5], "size": [1, 1, 1], "inflate": -0.3, "pivot": [0, 0.4, -7.8], "rotation": [5, 0, 0], "uv": [32, 36]},
						{"origin": [-4.9, -0.1, -7.5], "size": [1, 1, 1], "inflate": -0.3, "pivot": [0, 0.4, -7.8], "rotation": [5, 0, 0], "uv": [4, 31]}
					]
				}
			]
		}
	]
}