{
	"format_version": "1.12.0",
	"minecraft:geometry": [
		{
			"description": {
				"identifier": "geometry.lamptable_umak",
				"texture_width": 128,
				"texture_height": 128,
				"visible_bounds_width": 2,
				"visible_bounds_height": 2.5,
				"visible_bounds_offset": [0, 0.75, 0]
			},
			"bones": [
				{
					"name": "tablelamp",
					"pivot": [0, 0, 0],
					"cubes": [
						{"origin": [-8, 0, -8], "size": [2, 16, 2], "uv": [24, 49]},
						{"origin": [6, 0, -8], "size": [2, 16, 2], "uv": [16, 49]},
						{"origin": [6, 0, 6], "size": [2, 16, 2], "uv": [0, 49]},
						{"origin": [-8, 0, 6], "size": [2, 16, 2], "uv": [8, 49]},
						{"origin": [-8, 16, -8], "size": [16, 1, 16], "uv": [0, 0]},
						{"origin": [-7, 3, -8], "size": [14, 2, 2], "inflate": -0.1, "uv": [41, 21]},
						{"origin": [-7, 3, 6], "size": [14, 2, 2], "inflate": -0.1, "uv": [41, 17]},
						{"origin": [6, 3, -7], "size": [2, 2, 14], "inflate": -0.1, "uv": [32, 33]},
						{"origin": [-8, 3, -7], "size": [2, 2, 14], "inflate": -0.1, "uv": [0, 33]},
						{"origin": [-6.5, 3, -7.5], "size": [13, 1, 15], "uv": [0, 17]}
					]
				}
			]
		}
	]
}