{
	"format_version": "1.12.0",
	"minecraft:geometry": [
		{
			"description": {
				"identifier": "geometry.sega_genesis_umak",
				"texture_width": 32,
				"texture_height": 32,
				"visible_bounds_width": 4,
				"visible_bounds_height": 4,
				"visible_bounds_offset": [0, 1, 0]
			},
			"bones": [
				{
					"name": "sega_genesis",
					"pivot": [17, 0, 18],
					"cubes": [
						{"origin": [-2.52, 0, -3.96], "size": [7.32, 1.22, 7.32], "uv": [0, 0]},
						{"origin": [3.036, 0.066, -4.382], "size": [1.698, 1.088, 1.088], "inflate": -0.3, "uv": [24, 14]},
						{"origin": [1.45, 0.066, -4.382], "size": [1.698, 1.088, 1.088], "inflate": -0.3, "uv": [12, 24]},
						{"origin": [-2.52, 0.61, -0.3], "size": [7.32, 1.22, 3.66], "inflate": 0.001, "uv": [0, 8]},
						{"origin": [-2.454, 1.103, -3.894], "size": [1.088, 1.088, 2.308], "inflate": -0.3, "pivot": [-0.08, 1.952, -0.422], "rotation": [10, 0, 0], "uv": [0, 3]},
						{"origin": [-1.6, 1.103, -3.894], "size": [1.698, 1.088, 1.088], "inflate": -0.3, "pivot": [-0.08, 1.952, -0.422], "rotation": [10, 0, 0], "uv": [24, 10]},
						{"origin": [-1.6, 1.103, -2.674], "size": [1.698, 1.088, 1.088], "inflate": -0.3, "pivot": [-0.08, 1.952, -0.422], "rotation": [10, 0, 0], "uv": [8, 24]},
						{"origin": [-1.5945, 1.2305, -2.6685], "size": [1.077, 1.077, 1.077], "inflate": -0.325, "pivot": [-0.08, 1.952, -0.422], "rotation": [10, 0, 0], "uv": [24, 5]},
						{"origin": [-2.4485, 1.3525, -2.9125], "size": [1.077, 1.077, 1.077], "inflate": -0.325, "pivot": [-0.08, 1.952, -0.422], "rotation": [10, 0, 0], "uv": [4, 24]},
						{"origin": [-2.52, 0.61, -3.96], "size": [2.44, 1.22, 3.66], "inflate": 0.001, "pivot": [-0.08, 1.952, -0.422], "rotation": [10, 0, 0], "uv": [10, 16]}
					]
				},
				{
					"name": "player",
					"parent": "sega_genesis",
					"pivot": [20.568, 0, 21.3],
					"cubes": [
						{"origin": [0.452, 0.959, -1.476], "size": [3.572, 1.132, 3.572], "inflate": -0.2, "uv": [0, 12]},
						{"origin": [1.128, 0.232, -1.898], "size": [2.22, 2.22, 2.22], "inflate": -0.5, "uv": [18, 18]},
						{"origin": [1.672, 1.02, 1.696], "size": [1.132, 1.132, 1.132], "inflate": -0.2, "uv": [24, 3]},
						{"origin": [1.672, 1.02, 1.696], "size": [1.132, 1.132, 1.132], "inflate": -0.2, "pivot": [2.238, 2.196, 0.31], "rotation": [0, -17.5, 0], "uv": [24, 1]},
						{"origin": [1.672, 1.02, 1.696], "size": [1.132, 1.132, 1.132], "inflate": -0.2, "pivot": [2.238, 2.196, 0.31], "rotation": [0, -52.5, 0], "uv": [0, 24]},
						{"origin": [1.672, 1.02, 1.696], "size": [1.132, 1.132, 1.132], "inflate": -0.2, "pivot": [2.238, 2.196, 0.31], "rotation": [0, -35, 0], "uv": [15, 23]},
						{"origin": [1.672, 1.02, 1.696], "size": [1.132, 1.132, 1.132], "inflate": -0.2, "pivot": [2.238, 2.196, 0.31], "rotation": [180, -57.5, -180], "uv": [23, 8]},
						{"origin": [1.672, 1.02, 1.696], "size": [1.132, 1.132, 1.132], "inflate": -0.2, "pivot": [2.238, 2.196, 0.31], "rotation": [-180, -75, 180], "uv": [22, 22]},
						{"origin": [1.672, 1.02, 1.696], "size": [1.132, 1.132, 1.132], "inflate": -0.2, "pivot": [2.238, 2.196, 0.31], "rotation": [0, -87.5, 0], "uv": [18, 22]},
						{"origin": [1.672, 1.02, 1.696], "size": [1.132, 1.132, 1.132], "inflate": -0.2, "pivot": [2.238, 2.196, 0.31], "rotation": [0, -70, 0], "uv": [22, 12]},
						{"origin": [1.672, 1.02, 1.696], "size": [1.132, 1.132, 1.132], "inflate": -0.2, "pivot": [2.238, 2.196, 0.31], "rotation": [180, 82.5, -180], "uv": [12, 22]},
						{"origin": [1.672, 1.02, 1.696], "size": [1.132, 1.132, 1.132], "inflate": -0.2, "pivot": [2.238, 2.196, 0.31], "rotation": [-180, 65, 180], "uv": [8, 22]},
						{"origin": [1.672, 1.02, 1.696], "size": [1.132, 1.132, 1.132], "inflate": -0.2, "pivot": [2.238, 2.196, 0.31], "rotation": [180, 47.5, -180], "uv": [4, 22]},
						{"origin": [1.672, 1.02, 1.696], "size": [1.132, 1.132, 1.132], "inflate": -0.2, "pivot": [2.238, 2.196, 0.31], "rotation": [-180, 30, 180], "uv": [0, 22]},
						{"origin": [1.672, 1.02, 1.696], "size": [1.132, 1.132, 1.132], "inflate": -0.2, "pivot": [2.238, 2.196, 0.31], "rotation": [0, 27.5, 0], "uv": [21, 15]},
						{"origin": [1.672, 1.02, 1.696], "size": [1.132, 1.132, 1.132], "inflate": -0.2, "pivot": [2.238, 2.196, 0.31], "rotation": [0, 12.5, 0], "uv": [15, 21]},
						{"origin": [1.672, 1.02, 1.696], "size": [1.132, 1.132, 1.132], "inflate": -0.2, "pivot": [2.238, 2.196, 0.31], "rotation": [0, 45, 0], "uv": [21, 4]},
						{"origin": [1.672, 1.02, 1.696], "size": [1.132, 1.132, 1.132], "inflate": -0.2, "pivot": [2.238, 2.196, 0.31], "rotation": [0, 62.5, 0], "uv": [21, 2]},
						{"origin": [1.672, 1.02, 1.696], "size": [1.132, 1.132, 1.132], "inflate": -0.2, "pivot": [2.238, 2.196, 0.31], "rotation": [0, 80, 0], "uv": [21, 0]},
						{"origin": [1.672, 1.02, 1.696], "size": [1.132, 1.132, 1.132], "inflate": -0.2, "pivot": [2.238, 2.196, 0.31], "rotation": [180, 12.5, -180], "uv": [12, 20]},
						{"origin": [1.672, 1.02, 1.696], "size": [1.132, 1.132, 1.132], "inflate": -0.2, "pivot": [2.238, 2.196, 0.31], "rotation": [-180, -5, 180], "uv": [8, 20]},
						{"origin": [1.672, 1.02, 1.696], "size": [1.132, 1.132, 1.132], "inflate": -0.2, "pivot": [2.238, 2.196, 0.31], "rotation": [180, -22.5, -180], "uv": [4, 20]},
						{"origin": [1.672, 1.02, 1.696], "size": [1.132, 1.132, 1.132], "inflate": -0.2, "pivot": [2.238, 2.196, 0.31], "rotation": [-180, -40, 180], "uv": [0, 20]}
					]
				},
				{
					"name": "controller2",
					"parent": "sega_genesis",
					"pivot": [-0.492, 0, -4.44],
					"rotation": [0, 77.5, 0],
					"cubes": [
						{"origin": [-4.62, 0, -8.7792], "size": [2.3424, 1.1712, 2.3424], "uv": [17, 8]},
						{"origin": [-4.00016, 0.03424, -6.87104], "size": [1.10272, 1.10272, 1.10272], "inflate": -0.2, "uv": [19, 13]},
						{"origin": [-2.1776, -0.01712, -10.08464], "size": [2.37664, 1.20544, 3.54784], "inflate": 0.1, "uv": [0, 16]},
						{"origin": [-7.09664, -0.01712, -10.08464], "size": [2.37664, 1.20544, 3.54784], "inflate": 0.1, "uv": [12, 12]},
						{"origin": [-6.4768, 0.36848, -9.34768], "size": [1.13696, 1.13696, 2.30816], "inflate": -0.1, "uv": [0, 0]},
						{"origin": [-7.0624, 0.36848, -8.76208], "size": [2.30816, 1.13696, 1.13696], "inflate": -0.1, "uv": [9, 12]},
						{"origin": [-2.36048, 0.61984, -9.21344], "size": [1.10272, 1.10272, 1.10272], "inflate": -0.2, "uv": [19, 11]},
						{"origin": [-1.54064, 0.61984, -8.74496], "size": [1.10272, 1.10272, 1.10272], "inflate": -0.2, "uv": [17, 16]},
						{"origin": [-0.7208, 0.61984, -8.27648], "size": [1.10272, 1.10272, 1.10272], "inflate": -0.2, "uv": [7, 16]}
					]
				}
			]
		}
	]
}