{
	"format_version": "1.12.0",
	"minecraft:geometry": [
		{
			"description": {
				"identifier": "geometry.smolplant_umak",
				"texture_width": 64,
				"texture_height": 64,
				"visible_bounds_width": 2,
				"visible_bounds_height": 2.5,
				"visible_bounds_offset": [0, 0.75, 0]
			},
			"bones": [
				{
					"name": "base",
					"pivot": [0, 1, 0],
					"cubes": [
						{"origin": [-5, 0.8, -3], "size": [10, 1, 6], "uv": [0, 7]},
						{"origin": [-6, 0.8, -4], "size": [12, 3, 1], "uv": [0, 22]},
						{"origin": [-6, -0.1, -4], "size": [1, 1, 1], "inflate": -0.1, "uv": [26, 32]},
						{"origin": [5, -0.1, -4], "size": [1, 1, 1], "inflate": -0.1, "uv": [8, 32]},
						{"origin": [5, -0.1, 3], "size": [1, 1, 1], "inflate": -0.1, "uv": [13, 26]},
						{"origin": [-6, -0.1, 3], "size": [1, 1, 1], "inflate": -0.1, "uv": [13, 28]},
						{"origin": [-6, 0.8, -3], "size": [1, 3, 6], "uv": [12, 26]},
						{"origin": [5, 0.8, -3], "size": [1, 3, 6], "uv": [26, 1]},
						{"origin": [-5, 1.8, -3], "size": [10, 1, 6], "uv": [0, 0]},
						{"origin": [-6, 0.8, 3], "size": [12, 3, 1], "uv": [21, 14]}
					]
				},
				{
					"name": "plant",
					"parent": "base",
					"pivot": [0, 1, 0],
					"cubes": [
						{"origin": [-1, 2.8, 0], "size": [1, 6, 1], "inflate": 0.1, "uv": [0, 14]},
						{"origin": [-1, 2.8, -1], "size": [1, 1, 1], "uv": [15, 35]},
						{"origin": [-2, 2, -2], "size": [1, 1, 1], "uv": [34, 0]},
						{"origin": [-1, 2.3, -2], "size": [1, 1, 1], "uv": [30, 32]},
						{"origin": [0, 2.2, -2], "size": [1, 1, 1], "uv": [0, 34]},
						{"origin": [1, 2.2, -2], "size": [1, 1, 2], "uv": [0, 7]},
						{"origin": [1, 2.4, 0], "size": [1, 1, 1], "uv": [33, 33]},
						{"origin": [1, 1.9, 1], "size": [1, 1, 1], "uv": [33, 31]},
						{"origin": [0, 1.9, 2], "size": [2, 1, 1], "uv": [26, 0]},
						{"origin": [-2, 2.1, 2], "size": [2, 1, 1], "uv": [0, 10]},
						{"origin": [-3, 2.1, 1], "size": [1, 1, 2], "uv": [0, 3]},
						{"origin": [-3, 2, 0], "size": [1, 1, 1], "uv": [33, 12]},
						{"origin": [-3, 2.2, -2], "size": [1, 1, 2], "uv": [0, 0]},
						{"origin": [0, 2.6, -1], "size": [1, 1, 1], "uv": [11, 35]},
						{"origin": [0, 2.2, 1], "size": [1, 1, 1], "uv": [29, 34]},
						{"origin": [-1, 2.6, 1], "size": [1, 1, 1], "uv": [25, 34]},
						{"origin": [-2, 2.5, 1], "size": [1, 1, 1], "uv": [8, 34]},
						{"origin": [-2, 2.4, 0], "size": [1, 1, 1], "uv": [34, 4]},
						{"origin": [-2, 2.7, -1], "size": [1, 1, 1], "uv": [4, 34]},
						{"origin": [0, 2, 0], "size": [1, 2, 1], "uv": [26, 2]},
						{"origin": [-3.9, 5.8, 0], "size": [3, 1, 1], "inflate": -0.1, "uv": [0, 32]},
						{"origin": [-5.9, 6.6, -1], "size": [4, 1, 3], "uv": [20, 28]},
						{"origin": [-5.5, 7.2, 0], "size": [3, 1, 1], "uv": [31, 28]},
						{"origin": [-4.5, 6.2, -0.5], "size": [2, 1, 2], "uv": [26, 10]},
						{"origin": [-4.7, 10.6, -3], "size": [7, 1, 7], "uv": [0, 14]},
						{"origin": [-4.1, 9.9, -2], "size": [5, 1, 5], "uv": [21, 22]},
						{"origin": [-3.3, 11.6, -2], "size": [4, 1, 5], "uv": [0, 26]},
						{"origin": [0.2, 7, 0], "size": [3.1, 1, 1], "inflate": -0.1, "uv": [32, 10]},
						{"origin": [1.4, 8.2, -1], "size": [4, 1, 3], "uv": [28, 18]},
						{"origin": [1.8, 8.8, -0.5], "size": [3, 1, 2], "uv": [21, 18]},
						{"origin": [-1, 8, 0], "size": [1, 3, 1], "inflate": -0.1, "pivot": [-0.1, 9.1, 0], "rotation": [0, 0, -15], "uv": [0, 26]},
						{"origin": [-1, 7, 0], "size": [1, 1.5, 1], "inflate": 0.075, "pivot": [-1.1, 6.9, 0], "rotation": [0, 0, 45], "uv": [19, 35]},
						{"origin": [3.3, 7, 0], "size": [1.6, 1, 1], "inflate": -0.1, "pivot": [3.3, 6.9, 0], "rotation": [0, 0, -45], "uv": [34, 2]}
					]
				}
			]
		}
	]
}