{
	"format_version": "1.12.0",
	"minecraft:geometry": [
		{
			"description": {
				"identifier": "geometry.standlamp_umak",
				"texture_width": 64,
				"texture_height": 64,
				"visible_bounds_width": 3,
				"visible_bounds_height": 5,
				"visible_bounds_offset": [0, 1.5, 0]
			},
			"bones": [
				{
					"name": "lamp",
					"pivot": [0, 0, 0],
					"cubes": [
						{"origin": [-0.5, 1, -0.5], "size": [1, 1, 1], "inflate": 0.1, "uv": [27, 12]},
						{"origin": [-0.5, 1, -0.5], "size": [1, 31, 1], "inflate": -0.2, "uv": [0, 8]},
						{"origin": [-1.5, 31.6, -1.5], "size": [3, 1, 3], "inflate": -0.2, "uv": [8, 16]},
						{"origin": [-0.5, 32.2, -0.5], "size": [1, 1, 1], "inflate": 0.1, "uv": [25, 4]},
						{"origin": [-1.2, 32.4, -0.5], "size": [1, 1, 1], "inflate": -0.4, "uv": [25, 0]},
						{"origin": [0.2, 32.4, -0.5], "size": [1, 1, 1], "inflate": -0.4, "uv": [0, 5]},
						{"origin": [-0.5, 33.1, -0.5], "size": [1, 1, 1], "inflate": -0.2, "uv": [4, 25]},
						{"origin": [-0.5, 33.8, -0.5], "size": [1, 1, 1], "uv": [25, 2]},
						{"origin": [-1.5, 35.6, -1.5], "size": [3, 1, 3], "inflate": -0.2, "uv": [8, 12]},
						{"origin": [-1.5, 32.1, -1.5], "size": [1, 4, 1], "inflate": -0.3, "uv": [24, 13]},
						{"origin": [0.5, 32.1, -1.5], "size": [1, 4, 1], "inflate": -0.3, "uv": [24, 8]},
						{"origin": [0.5, 32.1, 0.5], "size": [1, 4, 1], "inflate": -0.3, "uv": [0, 0]},
						{"origin": [-1.5, 32.1, 0.5], "size": [1, 4, 1], "inflate": -0.3, "uv": [23, 22]}
					]
				},
				{
					"name": "base",
					"parent": "lamp",
					"pivot": [0, 0, 0],
					"cubes": [
						{"origin": [-4.5, 0, -3.5], "size": [9, 1, 7], "inflate": -0.1, "uv": [0, 0]},
						{"origin": [-3.5, 0, 3.3], "size": [7, 1, 1], "inflate": -0.1, "uv": [4, 10]},
						{"origin": [-3.5, 0, -4.3], "size": [7, 1, 1], "inflate": -0.1, "uv": [4, 8]},
						{"origin": [-2.5, 0, 4.1], "size": [5, 1, 1], "inflate": -0.1, "uv": [23, 20]},
						{"origin": [-2.5, 0, -5.1], "size": [5, 1, 1], "inflate": -0.1, "uv": [23, 18]},
						{"origin": [-0.5, 0, -0.5], "size": [1, 1, 1], "inflate": -0.1, "uv": [27, 22]},
						{"origin": [-0.5, 0, -5.5], "size": [1, 1, 1], "uv": [3, 4]},
						{"origin": [-0.5, 0, -5.5], "size": [1, 1, 1], "pivot": [0, 0, 0], "rotation": [0, -10, 0], "uv": [3, 4]},
						{"origin": [-0.5, 0, -5.5], "size": [1, 1, 1], "pivot": [0, 0, 0], "rotation": [0, -30, 0], "uv": [3, 4]},
						{"origin": [-0.5, 0, -5.5], "size": [1, 1, 1], "pivot": [0, 0, 0], "rotation": [0, -20, 0], "uv": [3, 4]},
						{"origin": [-0.5, 0, -5.5], "size": [1, 1, 1], "pivot": [0, 0, 0], "rotation": [0, -70, 0], "uv": [3, 4]},
						{"origin": [-0.5, 0, -5.5], "size": [1, 1, 1], "pivot": [0, 0, 0], "rotation": [0, -60, 0], "uv": [3, 4]},
						{"origin": [-0.5, 0, -5.5], "size": [1, 1, 1], "pivot": [0, 0, 0], "rotation": [0, -50, 0], "uv": [3, 4]},
						{"origin": [-0.5, 0, -5.5], "size": [1, 1, 1], "pivot": [0, 0, 0], "rotation": [0, -40, 0], "uv": [3, 4]},
						{"origin": [-0.5, 0, -5.5], "size": [1, 1, 1], "pivot": [0, 0, 0], "rotation": [-180, -30, -180], "uv": [3, 4]},
						{"origin": [-0.5, 0, -5.5], "size": [1, 1, 1], "pivot": [0, 0, 0], "rotation": [-180, -40, 180], "uv": [3, 4]},
						{"origin": [-0.5, 0, -5.5], "size": [1, 1, 1], "pivot": [0, 0, 0], "rotation": [-180, -50, 180], "uv": [3, 4]},
						{"origin": [-0.5, 0, -5.5], "size": [1, 1, 1], "pivot": [0, 0, 0], "rotation": [-180, -60, 180], "uv": [3, 4]},
						{"origin": [-0.5, 0, -5.5], "size": [1, 1, 1], "pivot": [0, 0, 0], "rotation": [-180, -70, 180], "uv": [3, 4]},
						{"origin": [-0.5, 0, -5.5], "size": [1, 1, 1], "pivot": [0, 0, 0], "rotation": [0, -90, 0], "uv": [3, 4]},
						{"origin": [-0.5, 0, -5.5], "size": [1, 1, 1], "pivot": [0, 0, 0], "rotation": [-180, -80, 180], "uv": [3, 4]},
						{"origin": [-0.5, 0, -5.5], "size": [1, 1, 1], "pivot": [0, 0, 0], "rotation": [0, -80, 0], "uv": [3, 4]},
						{"origin": [-0.5, 0, -5.5], "size": [1, 1, 1], "pivot": [0, 0, 0], "rotation": [-180, 50, -180], "uv": [3, 4]},
						{"origin": [-0.5, 0, -5.5], "size": [1, 1, 1], "pivot": [0, 0, 0], "rotation": [-180, 40, 180], "uv": [3, 4]},
						{"origin": [-0.5, 0, -5.5], "size": [1, 1, 1], "pivot": [0, 0, 0], "rotation": [-180, 30, 180], "uv": [3, 4]},
						{"origin": [-0.5, 0, -5.5], "size": [1, 1, 1], "pivot": [0, 0, 0], "rotation": [-180, 20, 180], "uv": [3, 4]},
						{"origin": [-0.5, 0, -5.5], "size": [1, 1, 1], "pivot": [0, 0, 0], "rotation": [-180, 10, 180], "uv": [3, 4]},
						{"origin": [-0.5, 0, -5.5], "size": [1, 1, 1], "pivot": [0, 0, 0], "rotation": [-180, -10, 180], "uv": [3, 4]},
						{"origin": [-0.5, 0, -5.5], "size": [1, 1, 1], "pivot": [0, 0, 0], "rotation": [-180, 0, 180], "uv": [3, 4]},
						{"origin": [-0.5, 0, -5.5], "size": [1, 1, 1], "pivot": [0, 0, 0], "rotation": [-180, -20, 180], "uv": [3, 4]},
						{"origin": [-0.5, 0, -5.5], "size": [1, 1, 1], "pivot": [0, 0, 0], "rotation": [0, 50, 0], "uv": [3, 4]},
						{"origin": [-0.5, 0, -5.5], "size": [1, 1, 1], "pivot": [0, 0, 0], "rotation": [0, 60, 0], "uv": [3, 4]},
						{"origin": [-0.5, 0, -5.5], "size": [1, 1, 1], "pivot": [0, 0, 0], "rotation": [0, 70, 0], "uv": [3, 4]},
						{"origin": [-0.5, 0, -5.5], "size": [1, 1, 1], "pivot": [0, 0, 0], "rotation": [0, 80, 0], "uv": [3, 4]},
						{"origin": [-0.5, 0, -5.5], "size": [1, 1, 1], "pivot": [0, 0, 0], "rotation": [0, 10, 0], "uv": [3, 4]},
						{"origin": [-0.5, 0, -5.5], "size": [1, 1, 1], "pivot": [0, 0, 0], "rotation": [0, 20, 0], "uv": [3, 4]},
						{"origin": [-0.5, 0, -5.5], "size": [1, 1, 1], "pivot": [0, 0, 0], "rotation": [0, 30, 0], "uv": [3, 4]},
						{"origin": [-0.5, 0, -5.5], "size": [1, 1, 1], "pivot": [0, 0, 0], "rotation": [0, 40, 0], "uv": [3, 4]},
						{"origin": [-0.5, 0, -5.5], "size": [1, 1, 1], "pivot": [0, 0, 0], "rotation": [0, 90, 0], "uv": [3, 4]},
						{"origin": [-0.5, 0, -5.5], "size": [1, 1, 1], "pivot": [0, 0, 0], "rotation": [-180, 70, 180], "uv": [3, 4]},
						{"origin": [-0.5, 0, -5.5], "size": [1, 1, 1], "pivot": [0, 0, 0], "rotation": [-180, 80, 180], "uv": [3, 4]},
						{"origin": [-0.5, 0, -5.5], "size": [1, 1, 1], "pivot": [0, 0, 0], "rotation": [-180, 60, 180], "uv": [3, 4]}
					]
				},
				{
					"name": "bone",
					"parent": "lamp",
					"pivot": [0, 36.4, 0],
					"cubes": [
						{"origin": [0.5, 36.1, -0.5], "size": [1, 10.7, 1], "inflate": -0.3, "pivot": [0.8, 36.4, 0], "rotation": [0, 0, 25], "uv": [12, 20]}
					]
				},
				{
					"name": "bone2",
					"parent": "lamp",
					"pivot": [0, 36.4, 0],
					"rotation": [0, 90, 0],
					"cubes": [
						{"origin": [0.5, 36.1, -0.5], "size": [1, 10.7, 1], "inflate": -0.3, "pivot": [0.8, 36.4, 0], "rotation": [0, 0, 25], "uv": [20, 8]}
					]
				},
				{
					"name": "bone3",
					"parent": "lamp",
					"pivot": [0, 36.4, 0],
					"rotation": [-180, 0, 180],
					"cubes": [
						{"origin": [0.5, 36.1, -0.5], "size": [1, 10.7, 1], "inflate": -0.3, "pivot": [0.8, 36.4, 0], "rotation": [0, 0, 25], "uv": [8, 20]}
					]
				},
				{
					"name": "bone4",
					"parent": "lamp",
					"pivot": [0, 36.4, 0],
					"rotation": [0, -90, 0],
					"cubes": [
						{"origin": [0.5, 36.1, -0.5], "size": [1, 10.7, 1], "inflate": -0.3, "pivot": [0.8, 36.4, 0], "rotation": [0, 0, 25], "uv": [19, 19]}
					]
				},
				{
					"name": "shade",
					"parent": "lamp",
					"pivot": [0, 41, 0],
					"cubes": [
						{"origin": [-0.5, 33.5, -6.2], "size": [1, 12, 1], "uv": [4, 12]},
						{"origin": [-0.8, 33.2, -6.9], "size": [1.6, 1, 1], "inflate": -0.3, "uv": [4, 27]},
						{"origin": [-0.8, 44.8, -6.9], "size": [1.6, 1, 1], "inflate": -0.3, "uv": [26, 26]},
						{"origin": [-0.8, 33.2, -6.9], "size": [1.6, 1, 1], "inflate": -0.3, "pivot": [0, 44, 0], "rotation": [0, -7.5, 0], "uv": [4, 27]},
						{"origin": [-0.5, 33.5, -6.2], "size": [1, 12, 1], "pivot": [0, 44, 0], "rotation": [0, -7.5, 0], "uv": [4, 12]},
						{"origin": [-0.8, 44.8, -6.9], "size": [1.6, 1, 1], "inflate": -0.3, "pivot": [0, 44, 0], "rotation": [0, -7.5, 0], "uv": [26, 26]},
						{"origin": [-0.8, 33.2, -6.9], "size": [1.6, 1, 1], "inflate": -0.3, "pivot": [0, 44, 0], "rotation": [0, -22.5, 0], "uv": [4, 27]},
						{"origin": [-0.5, 33.5, -6.2], "size": [1, 12, 1], "pivot": [0, 44, 0], "rotation": [0, -22.5, 0], "uv": [4, 12]},
						{"origin": [-0.8, 44.8, -6.9], "size": [1.6, 1, 1], "inflate": -0.3, "pivot": [0, 44, 0], "rotation": [0, -22.5, 0], "uv": [26, 26]},
						{"origin": [-0.8, 44.8, -6.9], "size": [1.6, 1, 1], "inflate": -0.3, "pivot": [0, 44, 0], "rotation": [0, -15, 0], "uv": [26, 26]},
						{"origin": [-0.5, 33.5, -6.2], "size": [1, 12, 1], "pivot": [0, 44, 0], "rotation": [0, -15, 0], "uv": [4, 12]},
						{"origin": [-0.8, 33.2, -6.9], "size": [1.6, 1, 1], "inflate": -0.3, "pivot": [0, 44, 0], "rotation": [0, -15, 0], "uv": [4, 27]},
						{"origin": [-0.8, 33.2, -6.9], "size": [1.6, 1, 1], "inflate": -0.3, "pivot": [0, 44, 0], "rotation": [0, -52.5, 0], "uv": [4, 27]},
						{"origin": [-0.5, 33.5, -6.2], "size": [1, 12, 1], "pivot": [0, 44, 0], "rotation": [0, -52.5, 0], "uv": [4, 12]},
						{"origin": [-0.8, 44.8, -6.9], "size": [1.6, 1, 1], "inflate": -0.3, "pivot": [0, 44, 0], "rotation": [0, -52.5, 0], "uv": [26, 26]},
						{"origin": [-0.8, 44.8, -6.9], "size": [1.6, 1, 1], "inflate": -0.3, "pivot": [0, 44, 0], "rotation": [0, -45, 0], "uv": [26, 26]},
						{"origin": [-0.5, 33.5, -6.2], "size": [1, 12, 1], "pivot": [0, 44, 0], "rotation": [0, -45, 0], "uv": [4, 12]},
						{"origin": [-0.8, 33.2, -6.9], "size": [1.6, 1, 1], "inflate": -0.3, "pivot": [0, 44, 0], "rotation": [0, -45, 0], "uv": [4, 27]},
						{"origin": [-0.8, 44.8, -6.9], "size": [1.6, 1, 1], "inflate": -0.3, "pivot": [0, 44, 0], "rotation": [0, -37.5, 0], "uv": [26, 26]},
						{"origin": [-0.5, 33.5, -6.2], "size": [1, 12, 1], "pivot": [0, 44, 0], "rotation": [0, -37.5, 0], "uv": [4, 12]},
						{"origin": [-0.5, 33.5, -6.2], "size": [1, 12, 1], "pivot": [0, 44, 0], "rotation": [0, -30, 0], "uv": [4, 12]},
						{"origin": [-0.8, 44.8, -6.9], "size": [1.6, 1, 1], "inflate": -0.3, "pivot": [0, 44, 0], "rotation": [0, -30, 0], "uv": [26, 26]},
						{"origin": [-0.8, 33.2, -6.9], "size": [1.6, 1, 1], "inflate": -0.3, "pivot": [0, 44, 0], "rotation": [0, -30, 0], "uv": [4, 27]},
						{"origin": [-0.8, 33.2, -6.9], "size": [1.6, 1, 1], "inflate": -0.3, "pivot": [0, 44, 0], "rotation": [0, -37.5, 0], "uv": [4, 27]},
						{"origin": [-0.8, 33.2, -6.9], "size": [1.6, 1, 1], "inflate": -0.3, "pivot": [0, 44, 0], "rotation": [-180, -67.5, 180], "uv": [4, 27]},
						{"origin": [-0.5, 33.5, -6.2], "size": [1, 12, 1], "pivot": [0, 44, 0], "rotation": [-180, -67.5, 180], "uv": [4, 12]},
						{"origin": [-0.8, 44.8, -6.9], "size": [1.6, 1, 1], "inflate": -0.3, "pivot": [0, 44, 0], "rotation": [-180, -67.5, 180], "uv": [26, 26]},
						{"origin": [-0.8, 44.8, -6.9], "size": [1.6, 1, 1], "inflate": -0.3, "pivot": [0, 44, 0], "rotation": [-180, -75, 180], "uv": [26, 26]},
						{"origin": [-0.5, 33.5, -6.2], "size": [1, 12, 1], "pivot": [0, 44, 0], "rotation": [-180, -75, 180], "uv": [4, 12]},
						{"origin": [-0.8, 33.2, -6.9], "size": [1.6, 1, 1], "inflate": -0.3, "pivot": [0, 44, 0], "rotation": [-180, -75, 180], "uv": [4, 27]},
						{"origin": [-0.8, 44.8, -6.9], "size": [1.6, 1, 1], "inflate": -0.3, "pivot": [0, 44, 0], "rotation": [-180, -82.5, 180], "uv": [26, 26]},
						{"origin": [-0.5, 33.5, -6.2], "size": [1, 12, 1], "pivot": [0, 44, 0], "rotation": [-180, -82.5, 180], "uv": [4, 12]},
						{"origin": [-0.5, 33.5, -6.2], "size": [1, 12, 1], "pivot": [0, 44, 0], "rotation": [0, -90, 0], "uv": [4, 12]},
						{"origin": [-0.8, 44.8, -6.9], "size": [1.6, 1, 1], "inflate": -0.3, "pivot": [0, 44, 0], "rotation": [0, -90, 0], "uv": [26, 26]},
						{"origin": [-0.8, 33.2, -6.9], "size": [1.6, 1, 1], "inflate": -0.3, "pivot": [0, 44, 0], "rotation": [0, -90, 0], "uv": [4, 27]},
						{"origin": [-0.8, 33.2, -6.9], "size": [1.6, 1, 1], "inflate": -0.3, "pivot": [0, 44, 0], "rotation": [-180, -82.5, 180], "uv": [4, 27]},
						{"origin": [-0.5, 33.5, -6.2], "size": [1, 12, 1], "pivot": [0, 44, 0], "rotation": [0, -60, 0], "uv": [4, 12]},
						{"origin": [-0.8, 44.8, -6.9], "size": [1.6, 1, 1], "inflate": -0.3, "pivot": [0, 44, 0], "rotation": [0, -60, 0], "uv": [26, 26]},
						{"origin": [-0.8, 33.2, -6.9], "size": [1.6, 1, 1], "inflate": -0.3, "pivot": [0, 44, 0], "rotation": [0, -60, 0], "uv": [4, 27]},
						{"origin": [-0.5, 33.5, -6.2], "size": [1, 12, 1], "pivot": [0, 44, 0], "rotation": [0, -67.5, 0], "uv": [4, 12]},
						{"origin": [-0.5, 33.5, -6.2], "size": [1, 12, 1], "pivot": [0, 44, 0], "rotation": [0, -75, 0], "uv": [4, 12]},
						{"origin": [-0.8, 33.2, -6.9], "size": [1.6, 1, 1], "inflate": -0.3, "pivot": [0, 44, 0], "rotation": [0, -75, 0], "uv": [4, 27]},
						{"origin": [-0.8, 33.2, -6.9], "size": [1.6, 1, 1], "inflate": -0.3, "pivot": [0, 44, 0], "rotation": [0, -67.5, 0], "uv": [4, 27]},
						{"origin": [-0.8, 33.2, -6.9], "size": [1.6, 1, 1], "inflate": -0.3, "pivot": [0, 44, 0], "rotation": [0, -82.5, 0], "uv": [4, 27]},
						{"origin": [-0.5, 33.5, -6.2], "size": [1, 12, 1], "pivot": [0, 44, 0], "rotation": [0, -82.5, 0], "uv": [4, 12]},
						{"origin": [-0.8, 44.8, -6.9], "size": [1.6, 1, 1], "inflate": -0.3, "pivot": [0, 44, 0], "rotation": [0, -75, 0], "uv": [26, 26]},
						{"origin": [-0.8, 44.8, -6.9], "size": [1.6, 1, 1], "inflate": -0.3, "pivot": [0, 44, 0], "rotation": [0, -67.5, 0], "uv": [26, 26]},
						{"origin": [-0.8, 44.8, -6.9], "size": [1.6, 1, 1], "inflate": -0.3, "pivot": [0, 44, 0], "rotation": [0, -82.5, 0], "uv": [26, 26]},
						{"origin": [-0.8, 33.2, -6.9], "size": [1.6, 1, 1], "inflate": -0.3, "pivot": [0, 44, 0], "rotation": [-180, -7.5, 180], "uv": [4, 27]},
						{"origin": [-0.5, 33.5, -6.2], "size": [1, 12, 1], "pivot": [0, 44, 0], "rotation": [-180, -7.5, 180], "uv": [4, 12]},
						{"origin": [-0.8, 44.8, -6.9], "size": [1.6, 1, 1], "inflate": -0.3, "pivot": [0, 44, 0], "rotation": [-180, -7.5, 180], "uv": [26, 26]},
						{"origin": [-0.8, 44.8, -6.9], "size": [1.6, 1, 1], "inflate": -0.3, "pivot": [0, 44, 0], "rotation": [-180, -15, 180], "uv": [26, 26]},
						{"origin": [-0.5, 33.5, -6.2], "size": [1, 12, 1], "pivot": [0, 44, 0], "rotation": [-180, -15, 180], "uv": [4, 12]},
						{"origin": [-0.8, 33.2, -6.9], "size": [1.6, 1, 1], "inflate": -0.3, "pivot": [0, 44, 0], "rotation": [-180, -15, 180], "uv": [4, 27]},
						{"origin": [-0.8, 44.8, -6.9], "size": [1.6, 1, 1], "inflate": -0.3, "pivot": [0, 44, 0], "rotation": [-180, -22.5, 180], "uv": [26, 26]},
						{"origin": [-0.5, 33.5, -6.2], "size": [1, 12, 1], "pivot": [0, 44, 0], "rotation": [-180, -22.5, 180], "uv": [4, 12]},
						{"origin": [-0.5, 33.5, -6.2], "size": [1, 12, 1], "pivot": [0, 44, 0], "rotation": [-180, -30, 180], "uv": [4, 12]},
						{"origin": [-0.8, 44.8, -6.9], "size": [1.6, 1, 1], "inflate": -0.3, "pivot": [0, 44, 0], "rotation": [-180, -30, 180], "uv": [26, 26]},
						{"origin": [-0.8, 33.2, -6.9], "size": [1.6, 1, 1], "inflate": -0.3, "pivot": [0, 44, 0], "rotation": [-180, -30, 180], "uv": [4, 27]},
						{"origin": [-0.8, 33.2, -6.9], "size": [1.6, 1, 1], "inflate": -0.3, "pivot": [0, 44, 0], "rotation": [-180, -22.5, 180], "uv": [4, 27]},
						{"origin": [-0.5, 33.5, -6.2], "size": [1, 12, 1], "pivot": [0, 44, 0], "rotation": [-180, -60, 180], "uv": [4, 12]},
						{"origin": [-0.8, 44.8, -6.9], "size": [1.6, 1, 1], "inflate": -0.3, "pivot": [0, 44, 0], "rotation": [-180, -60, 180], "uv": [26, 26]},
						{"origin": [-0.8, 33.2, -6.9], "size": [1.6, 1, 1], "inflate": -0.3, "pivot": [0, 44, 0], "rotation": [-180, -60, 180], "uv": [4, 27]},
						{"origin": [-0.5, 33.5, -6.2], "size": [1, 12, 1], "pivot": [0, 44, 0], "rotation": [-180, -52.5, 180], "uv": [4, 12]},
						{"origin": [-0.5, 33.5, -6.2], "size": [1, 12, 1], "pivot": [0, 44, 0], "rotation": [-180, -45, 180], "uv": [4, 12]},
						{"origin": [-0.8, 33.2, -6.9], "size": [1.6, 1, 1], "inflate": -0.3, "pivot": [0, 44, 0], "rotation": [-180, -45, 180], "uv": [4, 27]},
						{"origin": [-0.8, 33.2, -6.9], "size": [1.6, 1, 1], "inflate": -0.3, "pivot": [0, 44, 0], "rotation": [-180, -52.5, 180], "uv": [4, 27]},
						{"origin": [-0.8, 33.2, -6.9], "size": [1.6, 1, 1], "inflate": -0.3, "pivot": [0, 44, 0], "rotation": [-180, -37.5, 180], "uv": [4, 27]},
						{"origin": [-0.5, 33.5, -6.2], "size": [1, 12, 1], "pivot": [0, 44, 0], "rotation": [-180, -37.5, 180], "uv": [4, 12]},
						{"origin": [-0.8, 44.8, -6.9], "size": [1.6, 1, 1], "inflate": -0.3, "pivot": [0, 44, 0], "rotation": [-180, -45, 180], "uv": [26, 26]},
						{"origin": [-0.8, 44.8, -6.9], "size": [1.6, 1, 1], "inflate": -0.3, "pivot": [0, 44, 0], "rotation": [-180, -52.5, 180], "uv": [26, 26]},
						{"origin": [-0.8, 44.8, -6.9], "size": [1.6, 1, 1], "inflate": -0.3, "pivot": [0, 44, 0], "rotation": [-180, -37.5, 180], "uv": [26, 26]},
						{"origin": [-0.8, 33.2, -6.9], "size": [1.6, 1, 1], "inflate": -0.3, "pivot": [0, 44, 0], "rotation": [-180, 52.5, 180], "uv": [4, 27]},
						{"origin": [-0.5, 33.5, -6.2], "size": [1, 12, 1], "pivot": [0, 44, 0], "rotation": [-180, 52.5, 180], "uv": [4, 12]},
						{"origin": [-0.8, 44.8, -6.9], "size": [1.6, 1, 1], "inflate": -0.3, "pivot": [0, 44, 0], "rotation": [-180, 52.5, 180], "uv": [26, 26]},
						{"origin": [-0.8, 44.8, -6.9], "size": [1.6, 1, 1], "inflate": -0.3, "pivot": [0, 44, 0], "rotation": [-180, 45, 180], "uv": [26, 26]},
						{"origin": [-0.5, 33.5, -6.2], "size": [1, 12, 1], "pivot": [0, 44, 0], "rotation": [-180, 45, 180], "uv": [4, 12]},
						{"origin": [-0.8, 33.2, -6.9], "size": [1.6, 1, 1], "inflate": -0.3, "pivot": [0, 44, 0], "rotation": [-180, 45, 180], "uv": [4, 27]},
						{"origin": [-0.8, 44.8, -6.9], "size": [1.6, 1, 1], "inflate": -0.3, "pivot": [0, 44, 0], "rotation": [-180, 37.5, 180], "uv": [26, 26]},
						{"origin": [-0.5, 33.5, -6.2], "size": [1, 12, 1], "pivot": [0, 44, 0], "rotation": [-180, 37.5, 180], "uv": [4, 12]},
						{"origin": [-0.5, 33.5, -6.2], "size": [1, 12, 1], "pivot": [0, 44, 0], "rotation": [-180, 30, 180], "uv": [4, 12]},
						{"origin": [-0.8, 44.8, -6.9], "size": [1.6, 1, 1], "inflate": -0.3, "pivot": [0, 44, 0], "rotation": [-180, 30, 180], "uv": [26, 26]},
						{"origin": [-0.8, 33.2, -6.9], "size": [1.6, 1, 1], "inflate": -0.3, "pivot": [0, 44, 0], "rotation": [-180, 30, 180], "uv": [4, 27]},
						{"origin": [-0.8, 33.2, -6.9], "size": [1.6, 1, 1], "inflate": -0.3, "pivot": [0, 44, 0], "rotation": [-180, 37.5, 180], "uv": [4, 27]},
						{"origin": [-0.5, 33.5, -6.2], "size": [1, 12, 1], "pivot": [0, 44, 0], "rotation": [-180, 0, 180], "uv": [4, 12]},
						{"origin": [-0.8, 44.8, -6.9], "size": [1.6, 1, 1], "inflate": -0.3, "pivot": [0, 44, 0], "rotation": [-180, 0, 180], "uv": [26, 26]},
						{"origin": [-0.8, 33.2, -6.9], "size": [1.6, 1, 1], "inflate": -0.3, "pivot": [0, 44, 0], "rotation": [-180, 0, 180], "uv": [4, 27]},
						{"origin": [-0.5, 33.5, -6.2], "size": [1, 12, 1], "pivot": [0, 44, 0], "rotation": [-180, 7.5, 180], "uv": [4, 12]},
						{"origin": [-0.5, 33.5, -6.2], "size": [1, 12, 1], "pivot": [0, 44, 0], "rotation": [-180, 15, 180], "uv": [4, 12]},
						{"origin": [-0.8, 33.2, -6.9], "size": [1.6, 1, 1], "inflate": -0.3, "pivot": [0, 44, 0], "rotation": [-180, 15, 180], "uv": [4, 27]},
						{"origin": [-0.8, 33.2, -6.9], "size": [1.6, 1, 1], "inflate": -0.3, "pivot": [0, 44, 0], "rotation": [-180, 7.5, 180], "uv": [4, 27]},
						{"origin": [-0.8, 33.2, -6.9], "size": [1.6, 1, 1], "inflate": -0.3, "pivot": [0, 44, 0], "rotation": [-180, 22.5, 180], "uv": [4, 27]},
						{"origin": [-0.5, 33.5, -6.2], "size": [1, 12, 1], "pivot": [0, 44, 0], "rotation": [-180, 22.5, 180], "uv": [4, 12]},
						{"origin": [-0.8, 44.8, -6.9], "size": [1.6, 1, 1], "inflate": -0.3, "pivot": [0, 44, 0], "rotation": [-180, 15, 180], "uv": [26, 26]},
						{"origin": [-0.8, 44.8, -6.9], "size": [1.6, 1, 1], "inflate": -0.3, "pivot": [0, 44, 0], "rotation": [-180, 7.5, 180], "uv": [26, 26]},
						{"origin": [-0.8, 44.8, -6.9], "size": [1.6, 1, 1], "inflate": -0.3, "pivot": [0, 44, 0], "rotation": [-180, 22.5, 180], "uv": [26, 26]},
						{"origin": [-0.8, 33.2, -6.9], "size": [1.6, 1, 1], "inflate": -0.3, "pivot": [0, 44, 0], "rotation": [0, 67.5, 0], "uv": [4, 27]},
						{"origin": [-0.5, 33.5, -6.2], "size": [1, 12, 1], "pivot": [0, 44, 0], "rotation": [0, 67.5, 0], "uv": [4, 12]},
						{"origin": [-0.8, 44.8, -6.9], "size": [1.6, 1, 1], "inflate": -0.3, "pivot": [0, 44, 0], "rotation": [0, 67.5, 0], "uv": [26, 26]},
						{"origin": [-0.8, 44.8, -6.9], "size": [1.6, 1, 1], "inflate": -0.3, "pivot": [0, 44, 0], "rotation": [0, 75, 0], "uv": [26, 26]},
						{"origin": [-0.5, 33.5, -6.2], "size": [1, 12, 1], "pivot": [0, 44, 0], "rotation": [0, 75, 0], "uv": [4, 12]},
						{"origin": [-0.8, 33.2, -6.9], "size": [1.6, 1, 1], "inflate": -0.3, "pivot": [0, 44, 0], "rotation": [0, 75, 0], "uv": [4, 27]},
						{"origin": [-0.8, 44.8, -6.9], "size": [1.6, 1, 1], "inflate": -0.3, "pivot": [0, 44, 0], "rotation": [0, 82.5, 0], "uv": [26, 26]},
						{"origin": [-0.5, 33.5, -6.2], "size": [1, 12, 1], "pivot": [0, 44, 0], "rotation": [0, 82.5, 0], "uv": [4, 12]},
						{"origin": [-0.5, 33.5, -6.2], "size": [1, 12, 1], "pivot": [0, 44, 0], "rotation": [0, 90, 0], "uv": [4, 12]},
						{"origin": [-0.8, 44.8, -6.9], "size": [1.6, 1, 1], "inflate": -0.3, "pivot": [0, 44, 0], "rotation": [0, 90, 0], "uv": [26, 26]},
						{"origin": [-0.8, 33.2, -6.9], "size": [1.6, 1, 1], "inflate": -0.3, "pivot": [0, 44, 0], "rotation": [0, 90, 0], "uv": [4, 27]},
						{"origin": [-0.8, 33.2, -6.9], "size": [1.6, 1, 1], "inflate": -0.3, "pivot": [0, 44, 0], "rotation": [0, 82.5, 0], "uv": [4, 27]},
						{"origin": [-0.5, 33.5, -6.2], "size": [1, 12, 1], "pivot": [0, 44, 0], "rotation": [-180, 60, 180], "uv": [4, 12]},
						{"origin": [-0.8, 44.8, -6.9], "size": [1.6, 1, 1], "inflate": -0.3, "pivot": [0, 44, 0], "rotation": [-180, 60, 180], "uv": [26, 26]},
						{"origin": [-0.8, 33.2, -6.9], "size": [1.6, 1, 1], "inflate": -0.3, "pivot": [0, 44, 0], "rotation": [-180, 60, 180], "uv": [4, 27]},
						{"origin": [-0.5, 33.5, -6.2], "size": [1, 12, 1], "pivot": [0, 44, 0], "rotation": [-180, 67.5, 180], "uv": [4, 12]},
						{"origin": [-0.5, 33.5, -6.2], "size": [1, 12, 1], "pivot": [0, 44, 0], "rotation": [180, 75, 180], "uv": [4, 12]},
						{"origin": [-0.8, 33.2, -6.9], "size": [1.6, 1, 1], "inflate": -0.3, "pivot": [0, 44, 0], "rotation": [180, 75, 180], "uv": [4, 27]},
						{"origin": [-0.8, 33.2, -6.9], "size": [1.6, 1, 1], "inflate": -0.3, "pivot": [0, 44, 0], "rotation": [-180, 67.5, 180], "uv": [4, 27]},
						{"origin": [-0.8, 33.2, -6.9], "size": [1.6, 1, 1], "inflate": -0.3, "pivot": [0, 44, 0], "rotation": [180, 82.5, 180], "uv": [4, 27]},
						{"origin": [-0.5, 33.5, -6.2], "size": [1, 12, 1], "pivot": [0, 44, 0], "rotation": [180, 82.5, 180], "uv": [4, 12]},
						{"origin": [-0.8, 44.8, -6.9], "size": [1.6, 1, 1], "inflate": -0.3, "pivot": [0, 44, 0], "rotation": [180, 75, 180], "uv": [26, 26]},
						{"origin": [-0.8, 44.8, -6.9], "size": [1.6, 1, 1], "inflate": -0.3, "pivot": [0, 44, 0], "rotation": [-180, 67.5, 180], "uv": [26, 26]},
						{"origin": [-0.8, 44.8, -6.9], "size": [1.6, 1, 1], "inflate": -0.3, "pivot": [0, 44, 0], "rotation": [180, 82.5, 180], "uv": [26, 26]},
						{"origin": [-0.8, 33.2, -6.9], "size": [1.6, 1, 1], "inflate": -0.3, "pivot": [0, 44, 0], "rotation": [0, 7.5, 0], "uv": [4, 27]},
						{"origin": [-0.5, 33.5, -6.2], "size": [1, 12, 1], "pivot": [0, 44, 0], "rotation": [0, 7.5, 0], "uv": [4, 12]},
						{"origin": [-0.8, 44.8, -6.9], "size": [1.6, 1, 1], "inflate": -0.3, "pivot": [0, 44, 0], "rotation": [0, 7.5, 0], "uv": [26, 26]},
						{"origin": [-0.8, 44.8, -6.9], "size": [1.6, 1, 1], "inflate": -0.3, "pivot": [0, 44, 0], "rotation": [0, 15, 0], "uv": [26, 26]},
						{"origin": [-0.5, 33.5, -6.2], "size": [1, 12, 1], "pivot": [0, 44, 0], "rotation": [0, 15, 0], "uv": [4, 12]},
						{"origin": [-0.8, 33.2, -6.9], "size": [1.6, 1, 1], "inflate": -0.3, "pivot": [0, 44, 0], "rotation": [0, 15, 0], "uv": [4, 27]},
						{"origin": [-0.8, 44.8, -6.9], "size": [1.6, 1, 1], "inflate": -0.3, "pivot": [0, 44, 0], "rotation": [0, 22.5, 0], "uv": [26, 26]},
						{"origin": [-0.5, 33.5, -6.2], "size": [1, 12, 1], "pivot": [0, 44, 0], "rotation": [0, 22.5, 0], "uv": [4, 12]},
						{"origin": [-0.5, 33.5, -6.2], "size": [1, 12, 1], "pivot": [0, 44, 0], "rotation": [0, 30, 0], "uv": [4, 12]},
						{"origin": [-0.8, 44.8, -6.9], "size": [1.6, 1, 1], "inflate": -0.3, "pivot": [0, 44, 0], "rotation": [0, 30, 0], "uv": [26, 26]},
						{"origin": [-0.8, 33.2, -6.9], "size": [1.6, 1, 1], "inflate": -0.3, "pivot": [0, 44, 0], "rotation": [0, 30, 0], "uv": [4, 27]},
						{"origin": [-0.8, 33.2, -6.9], "size": [1.6, 1, 1], "inflate": -0.3, "pivot": [0, 44, 0], "rotation": [0, 22.5, 0], "uv": [4, 27]},
						{"origin": [-0.5, 33.5, -6.2], "size": [1, 12, 1], "pivot": [0, 44, 0], "rotation": [0, 60, 0], "uv": [4, 12]},
						{"origin": [-0.8, 44.8, -6.9], "size": [1.6, 1, 1], "inflate": -0.3, "pivot": [0, 44, 0], "rotation": [0, 60, 0], "uv": [26, 26]},
						{"origin": [-0.8, 33.2, -6.9], "size": [1.6, 1, 1], "inflate": -0.3, "pivot": [0, 44, 0], "rotation": [0, 60, 0], "uv": [4, 27]},
						{"origin": [-0.5, 33.5, -6.2], "size": [1, 12, 1], "pivot": [0, 44, 0], "rotation": [0, 52.5, 0], "uv": [4, 12]},
						{"origin": [-0.5, 33.5, -6.2], "size": [1, 12, 1], "pivot": [0, 44, 0], "rotation": [0, 45, 0], "uv": [4, 12]},
						{"origin": [-0.8, 33.2, -6.9], "size": [1.6, 1, 1], "inflate": -0.3, "pivot": [0, 44, 0], "rotation": [0, 45, 0], "uv": [4, 27]},
						{"origin": [-0.8, 33.2, -6.9], "size": [1.6, 1, 1], "inflate": -0.3, "pivot": [0, 44, 0], "rotation": [0, 52.5, 0], "uv": [4, 27]},
						{"origin": [-0.8, 33.2, -6.9], "size": [1.6, 1, 1], "inflate": -0.3, "pivot": [0, 44, 0], "rotation": [0, 37.5, 0], "uv": [4, 27]},
						{"origin": [-0.5, 33.5, -6.2], "size": [1, 12, 1], "pivot": [0, 44, 0], "rotation": [0, 37.5, 0], "uv": [4, 12]},
						{"origin": [-0.8, 44.8, -6.9], "size": [1.6, 1, 1], "inflate": -0.3, "pivot": [0, 44, 0], "rotation": [0, 45, 0], "uv": [26, 26]},
						{"origin": [-0.8, 44.8, -6.9], "size": [1.6, 1, 1], "inflate": -0.3, "pivot": [0, 44, 0], "rotation": [0, 52.5, 0], "uv": [26, 26]},
						{"origin": [-0.8, 44.8, -6.9], "size": [1.6, 1, 1], "inflate": -0.3, "pivot": [0, 44, 0], "rotation": [0, 37.5, 0], "uv": [26, 26]}
					]
				}
			]
		}
	]
}