{
	"format_version": "1.12.0",
	"minecraft:geometry": [
		{
			"description": {
				"identifier": "geometry.super_nes_umak",
				"texture_width": 32,
				"texture_height": 32,
				"visible_bounds_width": 4,
				"visible_bounds_height": 4,
				"visible_bounds_offset": [0, 1, 0]
			},
			"bones": [
				{
					"name": "super_nes",
					"pivot": [0, 0, 23],
					"cubes": [
						{"origin": [-3.42, 0, -3.22], "size": [6.84, 2.28, 7.98], "uv": [0, 0]},
						{"origin": [-3.42, 1.482, 0.428], "size": [6.84, 1.14, 2.28], "inflate": 0.001, "uv": [0, 9]},
						{"origin": [-2.722, 0.584, -3.548], "size": [2.252, 2.024, 3.392], "inflate": -0.1, "uv": [10, 12]},
						{"origin": [0.47, 0.584, -3.548], "size": [2.252, 2.024, 3.392], "inflate": -0.1, "uv": [0, 12]},
						{"origin": [0.484, 0.598, -3.7335], "size": [2.224, 1.084, 1.084], "inflate": -0.2, "uv": [19, 0]},
						{"origin": [-2.708, 0.598, -3.7335], "size": [2.224, 1.084, 1.084], "inflate": -0.2, "uv": [16, 17]},
						{"origin": [0.413, 1.638, -1.268], "size": [2.366, 1.084, 1.112], "inflate": -0.1, "uv": [19, 4]},
						{"origin": [-2.779, 1.638, -1.268], "size": [2.366, 1.084, 1.112], "inflate": -0.1, "uv": [19, 2]}
					]
				},
				{
					"name": "cassette",
					"parent": "super_nes",
					"pivot": [0, -0.456, 25.8],
					"cubes": [
						{"origin": [-2.28, 2.166, 0.998], "size": [4.56, 2.28, 1.14], "uv": [0, 17]},
						{"origin": [-1.154, 2.152, 0.984], "size": [2.308, 2.308, 1.168], "inflate": 0.1, "uv": [0, 3]}
					]
				},
				{
					"name": "controller",
					"parent": "super_nes",
					"pivot": [-2.9, 3.7, -0.482],
					"rotation": [65, 85, 0],
					"cubes": [
						{"origin": [-4.61, 3.7, -4.422], "size": [3.42, 1.14, 2.28], "uv": [16, 9]},
						{"origin": [-3.442, 3.728, -2.57], "size": [1.084, 1.084, 1.084], "inflate": -0.2, "uv": [14, 9]},
						{"origin": [-4.326, 3.414, -4.366], "size": [1.028, 2.168, 1.028], "inflate": -0.4, "uv": [0, 20]},
						{"origin": [-2.388, 3.414, -4.366], "size": [1.028, 2.168, 1.028], "inflate": -0.4, "uv": [17, 19]},
						{"origin": [-6.904, 3.686, -4.436], "size": [2.308, 1.168, 2.308], "inflate": 0.1, "uv": [17, 12]},
						{"origin": [-6.292, 4.184, -4.394], "size": [1.084, 1.084, 2.224], "inflate": -0.2, "uv": [0, 0]},
						{"origin": [-6.862, 4.184, -3.824], "size": [2.224, 1.084, 1.084], "inflate": -0.2, "uv": [7, 12]},
						{"origin": [-1.148, 4.312, -3.81], "size": [1.056, 1.056, 1.056], "inflate": -0.3, "uv": [12, 20]},
						{"origin": [-0.008, 4.312, -3.81], "size": [1.056, 1.056, 1.056], "inflate": -0.3, "uv": [4, 20]},
						{"origin": [-0.578, 4.312, -3.24], "size": [1.056, 1.056, 1.056], "inflate": -0.3, "uv": [20, 15]},
						{"origin": [-0.578, 4.312, -4.38], "size": [1.056, 1.056, 1.056], "inflate": -0.3, "uv": [8, 20]},
						{"origin": [-1.204, 3.686, -4.436], "size": [2.308, 1.168, 2.308], "inflate": 0.1, "uv": [10, 17]}
					]
				}
			]
		}
	]
}