{
	"format_version": "1.12.0",
	"minecraft:geometry": [
		{
			"description": {
				"identifier": "geometry.tablelamp_umak",
				"texture_width": 32,
				"texture_height": 32,
				"visible_bounds_width": 2,
				"visible_bounds_height": 2.5,
				"visible_bounds_offset": [0, 0.75, 0]
			},
			"bones": [
				{
					"name": "lamp",
					"pivot": [0, -17, 0],
					"cubes": [
						{"origin": [-3, 0, -3], "size": [6, 3, 6], "uv": [0, 0]},
						{"origin": [-0.5, 3, -0.5], "size": [1, 5, 1], "uv": [0, 15]},
						{"origin": [-1.5, 7.7, -1.5], "size": [3, 1, 3], "inflate": -0.3, "uv": [0, 9]},
						{"origin": [-1.5, 8.1, -1.5], "size": [1, 3, 1], "inflate": -0.3, "uv": [4, 18]},
						{"origin": [-3.9, 10.1, -1.5], "size": [3, 1, 1], "inflate": -0.3, "uv": [7, 14]},
						{"origin": [-3.9, 10.1, 0.5], "size": [3, 1, 1], "inflate": -0.3, "uv": [0, 13]},
						{"origin": [0.9, 10.1, 0.5], "size": [3, 1, 1], "inflate": -0.3, "uv": [11, 12]},
						{"origin": [0.9, 10.1, -1.5], "size": [3, 1, 1], "inflate": -0.3, "uv": [9, 9]},
						{"origin": [0.5, 8.1, -1.5], "size": [1, 3, 1], "inflate": -0.3, "uv": [18, 0]},
						{"origin": [0.5, 8.1, 0.5], "size": [1, 3, 1], "inflate": -0.3, "uv": [14, 17]},
						{"origin": [-0.5, 8.2, -0.5], "size": [1, 1, 1], "inflate": -0.1, "uv": [18, 17]},
						{"origin": [-0.5, 9.1, -0.5], "size": [1, 1, 1], "inflate": 0.1, "uv": [16, 10]},
						{"origin": [-1.5, 8.1, 0.5], "size": [1, 3, 1], "inflate": -0.3, "uv": [10, 16]},
						{"origin": [-0.5, 2.7, -0.5], "size": [1, 1, 1], "inflate": 0.2, "uv": [18, 13]},
						{"origin": [-1, 1.3, -3.2], "size": [2, 1, 1], "inflate": -0.1, "uv": [4, 16]},
						{"origin": [-1, 1.3, -3.4], "size": [2, 1, 1], "inflate": -0.3, "pivot": [0.7, 1.6, -3.1], "rotation": [0, -12.5, 0], "uv": [14, 15]},
						{"origin": [-0.5, 7.4352, -3.65718], "size": [1, 5, 1], "pivot": [0, 12, 0], "rotation": [-12.5, 0, 0], "uv": [0, 0]},
						{"origin": [-0.5, 8, -4.6], "size": [1, 1, 1], "uv": [18, 4]},
						{"origin": [-0.5, 8, -4.6], "size": [1, 1, 1], "pivot": [0, 12, 0], "rotation": [0, -12.5, 0], "uv": [18, 4]},
						{"origin": [-0.5, 7.4352, -3.65718], "size": [1, 5, 1], "pivot": [0, 12, 0], "rotation": [-12.5, -12.5, 0], "uv": [0, 0]},
						{"origin": [-0.5, 8, -4.6], "size": [1, 1, 1], "pivot": [0, 12, 0], "rotation": [0, -37.5, 0], "uv": [18, 4]},
						{"origin": [-0.5, 7.4352, -3.65718], "size": [1, 5, 1], "pivot": [0, 12, 0], "rotation": [-12.5, -37.5, 0], "uv": [0, 0]},
						{"origin": [-0.5, 8, -4.6], "size": [1, 1, 1], "pivot": [0, 12, 0], "rotation": [0, -25, 0], "uv": [18, 4]},
						{"origin": [-0.5, 7.4352, -3.65718], "size": [1, 5, 1], "pivot": [0, 12, 0], "rotation": [-12.5, -25, 0], "uv": [0, 0]},
						{"origin": [-0.5, 8, -4.6], "size": [1, 1, 1], "pivot": [0, 12, 0], "rotation": [0, -87.5, 0], "uv": [18, 4]},
						{"origin": [-0.5, 7.4352, -3.65718], "size": [1, 5, 1], "pivot": [0, 12, 0], "rotation": [-12.5, -87.5, 0], "uv": [0, 0]},
						{"origin": [-0.5, 8, -4.6], "size": [1, 1, 1], "pivot": [0, 12, 0], "rotation": [0, -75, 0], "uv": [18, 4]},
						{"origin": [-0.5, 7.4352, -3.65718], "size": [1, 5, 1], "pivot": [0, 12, 0], "rotation": [-12.5, -75, 0], "uv": [0, 0]},
						{"origin": [-0.5, 8, -4.6], "size": [1, 1, 1], "pivot": [0, 12, 0], "rotation": [0, -62.5, 0], "uv": [18, 4]},
						{"origin": [-0.5, 7.4352, -3.65718], "size": [1, 5, 1], "pivot": [0, 12, 0], "rotation": [-12.5, -62.5, 0], "uv": [0, 0]},
						{"origin": [-0.5, 8, -4.6], "size": [1, 1, 1], "pivot": [0, 12, 0], "rotation": [0, -50, 0], "uv": [18, 4]},
						{"origin": [-0.5, 7.4352, -3.65718], "size": [1, 5, 1], "pivot": [0, 12, 0], "rotation": [-12.5, -50, 0], "uv": [0, 0]},
						{"origin": [-0.5, 8, -4.6], "size": [1, 1, 1], "pivot": [0, 12, 0], "rotation": [-180, 7.5, 180], "uv": [18, 4]},
						{"origin": [-0.5, 7.4352, -3.65718], "size": [1, 5, 1], "pivot": [0, 12, 0], "rotation": [167.5, 7.5, -180], "uv": [0, 0]},
						{"origin": [-0.5, 8, -4.6], "size": [1, 1, 1], "pivot": [0, 12, 0], "rotation": [-180, -5, 180], "uv": [18, 4]},
						{"origin": [-0.5, 7.4352, -3.65718], "size": [1, 5, 1], "pivot": [0, 12, 0], "rotation": [167.5, -5, 180], "uv": [0, 0]},
						{"origin": [-0.5, 8, -4.6], "size": [1, 1, 1], "pivot": [0, 12, 0], "rotation": [-180, -17.5, 180], "uv": [18, 4]},
						{"origin": [-0.5, 7.4352, -3.65718], "size": [1, 5, 1], "pivot": [0, 12, 0], "rotation": [167.5, -17.5, 180], "uv": [0, 0]},
						{"origin": [-0.5, 8, -4.6], "size": [1, 1, 1], "pivot": [0, 12, 0], "rotation": [-180, -30, 180], "uv": [18, 4]},
						{"origin": [-0.5, 7.4352, -3.65718], "size": [1, 5, 1], "pivot": [0, 12, 0], "rotation": [167.5, -30, 180], "uv": [0, 0]},
						{"origin": [-0.5, 8, -4.6], "size": [1, 1, 1], "pivot": [0, 12, 0], "rotation": [-180, -42.5, 180], "uv": [18, 4]},
						{"origin": [-0.5, 7.4352, -3.65718], "size": [1, 5, 1], "pivot": [0, 12, 0], "rotation": [167.5, -42.5, 180], "uv": [0, 0]},
						{"origin": [-0.5, 8, -4.6], "size": [1, 1, 1], "pivot": [0, 12, 0], "rotation": [-180, -55, 180], "uv": [18, 4]},
						{"origin": [-0.5, 7.4352, -3.65718], "size": [1, 5, 1], "pivot": [0, 12, 0], "rotation": [167.5, -55, -180], "uv": [0, 0]},
						{"origin": [-0.5, 8, -4.6], "size": [1, 1, 1], "pivot": [0, 12, 0], "rotation": [-180, -67.5, 180], "uv": [18, 4]},
						{"origin": [-0.5, 7.4352, -3.65718], "size": [1, 5, 1], "pivot": [0, 12, 0], "rotation": [167.5, -67.5, -180], "uv": [0, 0]},
						{"origin": [-0.5, 8, -4.6], "size": [1, 1, 1], "pivot": [0, 12, 0], "rotation": [-180, -80, 180], "uv": [18, 4]},
						{"origin": [-0.5, 7.4352, -3.65718], "size": [1, 5, 1], "pivot": [0, 12, 0], "rotation": [167.5, -80, -180], "uv": [0, 0]},
						{"origin": [-0.5, 8, -4.6], "size": [1, 1, 1], "pivot": [0, 12, 0], "rotation": [0, 72.5, 0], "uv": [18, 4]},
						{"origin": [-0.5, 7.4352, -3.65718], "size": [1, 5, 1], "pivot": [0, 12, 0], "rotation": [-12.5, 72.5, 0], "uv": [0, 0]},
						{"origin": [-0.5, 8, -4.6], "size": [1, 1, 1], "pivot": [0, 12, 0], "rotation": [0, 85, 0], "uv": [18, 4]},
						{"origin": [-0.5, 7.4352, -3.65718], "size": [1, 5, 1], "pivot": [0, 12, 0], "rotation": [-12.5, 85, 0], "uv": [0, 0]},
						{"origin": [-0.5, 8, -4.6], "size": [1, 1, 1], "pivot": [0, 12, 0], "rotation": [-180, 82.5, 180], "uv": [18, 4]},
						{"origin": [-0.5, 7.4352, -3.65718], "size": [1, 5, 1], "pivot": [0, 12, 0], "rotation": [167.5, 82.5, 180], "uv": [0, 0]},
						{"origin": [-0.5, 8, -4.6], "size": [1, 1, 1], "pivot": [0, 12, 0], "rotation": [-180, 70, 180], "uv": [18, 4]},
						{"origin": [-0.5, 7.4352, -3.65718], "size": [1, 5, 1], "pivot": [0, 12, 0], "rotation": [167.5, 70, 180], "uv": [0, 0]},
						{"origin": [-0.5, 8, -4.6], "size": [1, 1, 1], "pivot": [0, 12, 0], "rotation": [-180, 57.5, 180], "uv": [18, 4]},
						{"origin": [-0.5, 7.4352, -3.65718], "size": [1, 5, 1], "pivot": [0, 12, 0], "rotation": [167.5, 57.5, 180], "uv": [0, 0]},
						{"origin": [-0.5, 8, -4.6], "size": [1, 1, 1], "pivot": [0, 12, 0], "rotation": [0, 12.5, 0], "uv": [18, 4]},
						{"origin": [-0.5, 7.4352, -3.65718], "size": [1, 5, 1], "pivot": [0, 12, 0], "rotation": [-12.5, 12.5, 0], "uv": [0, 0]},
						{"origin": [-0.5, 8, -4.6], "size": [1, 1, 1], "pivot": [0, 12, 0], "rotation": [0, 25, 0], "uv": [18, 4]},
						{"origin": [-0.5, 7.4352, -3.65718], "size": [1, 5, 1], "pivot": [0, 12, 0], "rotation": [-12.5, 25, 0], "uv": [0, 0]},
						{"origin": [-0.5, 8, -4.6], "size": [1, 1, 1], "pivot": [0, 12, 0], "rotation": [0, 37.5, 0], "uv": [18, 4]},
						{"origin": [-0.5, 7.4352, -3.65718], "size": [1, 5, 1], "pivot": [0, 12, 0], "rotation": [-12.5, 37.5, 0], "uv": [0, 0]},
						{"origin": [-0.5, 8, -4.6], "size": [1, 1, 1], "pivot": [0, 12, 0], "rotation": [0, 50, 0], "uv": [18, 4]},
						{"origin": [-0.5, 7.4352, -3.65718], "size": [1, 5, 1], "pivot": [0, 12, 0], "rotation": [-12.5, 50, 0], "uv": [0, 0]},
						{"origin": [-0.5, 8, -4.6], "size": [1, 1, 1], "pivot": [0, 12, 0], "rotation": [0, 62.5, 0], "uv": [18, 4]},
						{"origin": [-0.5, 7.4352, -3.65718], "size": [1, 5, 1], "pivot": [0, 12, 0], "rotation": [-12.5, 62.5, 0], "uv": [0, 0]},
						{"origin": [-0.5, 8, -4.6], "size": [1, 1, 1], "pivot": [0, 12, 0], "rotation": [-180, 45, 180], "uv": [18, 4]},
						{"origin": [-0.5, 7.4352, -3.65718], "size": [1, 5, 1], "pivot": [0, 12, 0], "rotation": [167.5, 45, -180], "uv": [0, 0]},
						{"origin": [-0.5, 8, -4.6], "size": [1, 1, 1], "pivot": [0, 12, 0], "rotation": [-180, 32.5, 180], "uv": [18, 4]},
						{"origin": [-0.5, 7.4352, -3.65718], "size": [1, 5, 1], "pivot": [0, 12, 0], "rotation": [167.5, 32.5, -180], "uv": [0, 0]},
						{"origin": [-0.5, 8, -4.6], "size": [1, 1, 1], "pivot": [0, 12, 0], "rotation": [-180, 20, 180], "uv": [18, 4]},
						{"origin": [-0.5, 7.4352, -3.65718], "size": [1, 5, 1], "pivot": [0, 12, 0], "rotation": [167.5, 20, -180], "uv": [0, 0]}
					]
				}
			]
		}
	]
}