{
	"format_version": "1.12.0",
	"minecraft:geometry": [
		{
			"description": {
				"identifier": "geometry.tv_umak",
				"texture_width": 128,
				"texture_height": 128,
				"visible_bounds_width": 4,
				"visible_bounds_height": 4,
				"visible_bounds_offset": [0, 1, 0]
			},
			"bones": [
				{
					"name": "tv",
					"pivot": [0, -16, 0],
					"cubes": [
						{"origin": [-8, 11.5, -6.5], "size": [16, 1, 1], "uv": [34, 23]},
						{"origin": [-8, 11.5, -5.5], "size": [16, 1, 10], "uv": [0, 0]},
						{"origin": [-3, 12.3, -2], "size": [5, 1, 3], "uv": [12, 21]},
						{"origin": [-2.4, 13.1, -1], "size": [1, 6, 1], "inflate": -0.2, "pivot": [-1.6, 13.3, -1], "rotation": [0, 0, -22.5], "uv": [4, 11]},
						{"origin": [-2.4, 18.1, -1], "size": [1, 1, 1], "inflate": -0.1, "pivot": [-1.6, 13.3, -1], "rotation": [0, 0, -22.5], "uv": [0, 25]},
						{"origin": [0.4, 13.1, -1], "size": [1, 6, 1], "inflate": -0.2, "pivot": [0.6, 13.3, -1], "rotation": [0, 0, 20], "uv": [0, 11]},
						{"origin": [0.4, 18.1, -1], "size": [1, 1, 1], "inflate": -0.1, "pivot": [0.6, 13.3, -1], "rotation": [0, 0, 20], "uv": [4, 23]},
						{"origin": [-8, 0.5, -6.5], "size": [16, 1, 1], "uv": [34, 21]},
						{"origin": [-8, 1.5, -6.5], "size": [1, 10, 1], "uv": [52, 0]},
						{"origin": [5, 1.5, -6.5], "size": [3, 10, 1], "uv": [44, 25]},
						{"origin": [6, 9.5, -6.8], "size": [1, 1, 1], "uv": [0, 23]},
						{"origin": [6, 9.5, -7.1], "size": [1, 1, 1], "inflate": -0.2, "uv": [4, 21]},
						{"origin": [6, 7.5, -6.8], "size": [1, 1, 1], "uv": [0, 21]},
						{"origin": [6, 5.5, -6.5], "size": [1, 1, 1], "inflate": 0.2, "uv": [4, 18]},
						{"origin": [6, 3.5, -6.5], "size": [1, 1, 1], "inflate": 0.2, "uv": [0, 18]},
						{"origin": [5.2, 3.2, -7.425], "size": [2.6, 2, 2], "inflate": -0.7, "uv": [0, 0]},
						{"origin": [7, 0.5, -5.5], "size": [1, 11, 10], "uv": [22, 21]},
						{"origin": [-8, 0.5, -5.5], "size": [1, 11, 10], "uv": [0, 21]},
						{"origin": [-7, 0.5, 3.5], "size": [14, 11, 1], "uv": [0, 42]},
						{"origin": [-6, 3.5, 3.9], "size": [12, 6, 1], "uv": [37, 11]},
						{"origin": [4, 4.5, 4.2], "size": [1, 1, 1], "uv": [4, 8]},
						{"origin": [2, 4.5, 4.2], "size": [1, 1, 1], "uv": [0, 8]},
						{"origin": [0, 4.5, 4.2], "size": [1, 1, 1], "uv": [4, 6]},
						{"origin": [6, 0, -5.5], "size": [1, 1, 1], "uv": [6, 0]},
						{"origin": [-7, 0, -5.5], "size": [1, 1, 1], "uv": [0, 6]},
						{"origin": [-7, 0, 2.5], "size": [1, 1, 1], "uv": [4, 4]},
						{"origin": [6, 0, 2.5], "size": [1, 1, 1], "uv": [0, 4]},
						{"origin": [-7, 0.5, -5.5], "size": [14, 1, 9], "uv": [0, 11]},
						{"origin": [-7, 1.5, -6.2], "size": [12, 10, 1], "uv": [30, 42]}
					]
				}
			]
		}
	]
}