{
	"format_version": "1.12.0",
	"minecraft:geometry": [
		{
			"description": {
				"identifier": "geometry.tvtable_beeg_umak",
				"texture_width": 128,
				"texture_height": 128,
				"visible_bounds_width": 4,
				"visible_bounds_height": 2.5,
				"visible_bounds_offset": [0, 0.75, 0]
			},
			"bones": [
				{
					"name": "tvtable_beeg",
					"pivot": [0, 0, 0],
					"cubes": [
						{"origin": [-19, 3, -7], "size": [38, 1, 14], "uv": [0, 15]},
						{"origin": [-0.5, 4, -7], "size": [1, 12, 14], "uv": [48, 46]},
						{"origin": [-18, 9, -7], "size": [17.5, 1, 14], "uv": [0, 45]},
						{"origin": [8.5, 6, -8.4], "size": [1, 1, 1], "inflate": -0.2, "uv": [7, 4]},
						{"origin": [8.5, 6, -7.9], "size": [1, 1, 1], "inflate": -0.3, "uv": [8, 0]},
						{"origin": [0.5, 4, -7.2], "size": [17.5, 5, 1], "uv": [78, 50]},
						{"origin": [0.5, 4, 5.9], "size": [17.5, 5, 1], "uv": [60, 76]},
						{"origin": [0.5, 9, -7], "size": [17.5, 1, 14], "uv": [0, 30]},
						{"origin": [-19, 4, -7], "size": [1, 12, 14], "uv": [30, 60]},
						{"origin": [18, 4, -7], "size": [1, 12, 14], "uv": [0, 60]},
						{"origin": [-19, 16, -7], "size": [38, 1, 14], "uv": [0, 0]},
						{"origin": [-16, -1, -6], "size": [1, 4, 1], "pivot": [-15, 3, -5], "rotation": [-10, 0, 25], "uv": [4, 5]},
						{"origin": [15, -1, -6], "size": [1, 4, 1], "pivot": [15, 3, -5], "rotation": [-10, 0, -25], "uv": [4, 0]},
						{"origin": [15, -1, 5], "size": [1, 4, 1], "pivot": [15, 3, 5], "rotation": [10, 0, -25], "uv": [0, 0]},
						{"origin": [-16, -1, 5], "size": [1, 4, 1], "pivot": [-15, 3, 5], "rotation": [10, 0, 25], "uv": [0, 5]}
					]
				},
				{
					"name": "drawer",
					"parent": "tvtable_beeg",
					"pivot": [0, 0, 0],
					"cubes": [
						{"origin": [-18, 4, -7.2], "size": [17.5, 5, 1], "uv": [80, 60]},
						{"origin": [-1.6, 5, -6.2], "size": [1, 4, 12], "uv": [66, 60]},
						{"origin": [-17.9, 5, -6.2], "size": [1, 4, 12], "uv": [64, 44]},
						{"origin": [-18, 4, -6.2], "size": [17.5, 1, 13], "uv": [48, 30]},
						{"origin": [-9.5, 6, -8.4], "size": [1, 1, 1], "inflate": -0.2, "uv": [8, 2]},
						{"origin": [-9.5, 6, -7.9], "size": [1, 1, 1], "inflate": -0.3, "uv": [8, 6]},
						{"origin": [-18, 4, 5.9], "size": [17.5, 5, 1], "uv": [78, 44]}
					]
				}
			]
		}
	]
}