{
	"format_version": "1.12.0",
	"minecraft:geometry": [
		{
			"description": {
				"identifier": "geometry.umakmart_umak270",
				"texture_width": 128,
				"texture_height": 128,
				"visible_bounds_width": 4,
				"visible_bounds_height": 4,
				"visible_bounds_offset": [0, 1, 0]
			},
			"bones": [
				{
					"name": "umakmart",
					"pivot": [0, 0, 0],
					"rotation": [0, 90, 0]
				},
				{
					"name": "base",
					"parent": "umakmart",
					"pivot": [0, 0, 0],
					"cubes": [
						{"origin": [-8, 0, -7], "size": [15, 1, 14], "uv": [0, 16]},
						{"origin": [-21, 0, -5], "size": [13, 1, 12], "uv": [42, 31]},
						{"origin": [-7, 16, -7], "size": [14, 1, 14], "uv": [0, 31]},
						{"origin": [-8, 1, -8], "size": [16, 9, 1], "uv": [16, 46]},
						{"origin": [-7, 10, -7], "size": [14, 6, 1], "uv": [12, 78]},
						{"origin": [4, 12.4, -7.8], "size": [2, 2, 1], "uv": [50, 46]},
						{"origin": [3.7, 13.7, -8.1], "size": [1, 2, 2], "inflate": -0.3, "uv": [44, 16]},
						{"origin": [5.3, 13.7, -8.1], "size": [1, 2, 2], "inflate": -0.3, "uv": [8, 16]},
						{"origin": [4, 14.7, -8.1], "size": [2, 1, 2], "inflate": -0.3, "uv": [47, 3]},
						{"origin": [4, 14.2, -7.9], "size": [2, 1, 2], "inflate": -0.2, "uv": [43, 9]},
						{"origin": [7, 10, -8], "size": [1, 7, 1], "inflate": 0.001, "pivot": [7, 10, -8], "rotation": [-7.5, 0, 0], "uv": [8, 46]},
						{"origin": [-8, 10, -8], "size": [1, 7, 1], "pivot": [7, 10, -8], "rotation": [-7.5, 0, 0], "uv": [4, 46]},
						{"origin": [-8, 1, -7], "size": [1, 16, 14], "uv": [0, 46]},
						{"origin": [-8, 1, 7], "size": [15, 16, 1], "uv": [73, 44]},
						{"origin": [7, 1, -7], "size": [1, 16, 15], "uv": [41, 44]},
						{"origin": [7, 17, 4], "size": [1, 12, 4], "uv": [54, 98]},
						{"origin": [4, 17, 4], "size": [3, 12, 4], "uv": [22, 85]},
						{"origin": [6, 23, 2], "size": [1, 1, 2], "uv": [47, 6]},
						{"origin": [6, 23, 2], "size": [1, 1, 1], "inflate": 0.1, "uv": [91, 84]},
						{"origin": [5, 21, 0], "size": [3, 5, 2], "uv": [0, 23]},
						{"origin": [5.5, 24, -0.075], "size": [2, 1, 2], "uv": [47, 0]},
						{"origin": [5.2, 22.8, -0.475], "size": [1, 1, 1], "inflate": -0.3, "uv": [87, 71]},
						{"origin": [6, 22.8, -0.475], "size": [1, 1, 1], "inflate": -0.3, "uv": [87, 69]},
						{"origin": [6.8, 22.8, -0.475], "size": [1, 1, 1], "inflate": -0.3, "uv": [68, 87]},
						{"origin": [6.8, 22.1, -0.475], "size": [1, 1, 1], "inflate": -0.3, "uv": [87, 67]},
						{"origin": [6, 22.1, -0.475], "size": [1, 1, 1], "inflate": -0.3, "uv": [64, 87]},
						{"origin": [5.2, 22.1, -0.475], "size": [1, 1, 1], "inflate": -0.3, "uv": [60, 87]},
						{"origin": [6.8, 21.4, -0.475], "size": [1, 1, 1], "inflate": -0.3, "uv": [32, 87]},
						{"origin": [6, 21.4, -0.475], "size": [1, 1, 1], "inflate": -0.3, "uv": [22, 87]},
						{"origin": [5.2, 21.4, -0.475], "size": [1, 1, 1], "inflate": -0.3, "uv": [32, 85]},
						{"origin": [-7, 24, 7], "size": [11, 5, 1], "uv": [82, 13]},
						{"origin": [-7, 17, 7], "size": [11, 2, 1], "uv": [16, 56]},
						{"origin": [-8, 29, 2], "size": [16, 1, 6], "uv": [44, 16]},
						{"origin": [-8, 17, 7], "size": [1, 12, 1], "uv": [10, 31]},
						{"origin": [-22, 0, -6], "size": [14, 12, 1], "uv": [90, 89]},
						{"origin": [-22, 27, -7], "size": [14, 1, 15], "uv": [0, 0]},
						{"origin": [-22, 0, -5], "size": [1, 12, 12], "uv": [61, 63]},
						{"origin": [-21, 11, -5], "size": [13, 1, 12], "uv": [43, 0]},
						{"origin": [-22, 0, 7], "size": [14, 12, 1], "uv": [60, 89]},
						{"origin": [-22, 12, 7], "size": [14, 13, 1], "uv": [80, 23]},
						{"origin": [-22, 12, 6], "size": [2, 13, 1], "uv": [8, 0]},
						{"origin": [-10, 12, 6], "size": [2, 13, 1], "uv": [8, 0]},
						{"origin": [-22, 12, -6], "size": [2, 13, 2], "uv": [58, 44]},
						{"origin": [-22, 25, -6], "size": [2, 2, 14], "uv": [73, 73]},
						{"origin": [-10, 25, -6], "size": [2, 2, 14], "uv": [16, 62]},
						{"origin": [-20, 25, -6], "size": [10, 2, 1], "uv": [82, 19]},
						{"origin": [-20, 25, 7], "size": [10, 2, 1], "uv": [58, 13]},
						{"origin": [-22, 12, -4], "size": [1, 13, 10], "uv": [0, 76]},
						{"origin": [-9.025, 12, -4], "size": [1, 13, 10], "uv": [38, 75]},
						{"origin": [-10, 12, -6], "size": [2, 13, 2], "uv": [0, 0]}
					]
				},
				{
					"name": "lid",
					"parent": "base",
					"pivot": [-20, 13, -6],
					"cubes": [
						{"origin": [-12, 16.5, -6.7], "size": [1, 1, 1], "inflate": -0.3, "uv": [22, 85]},
						{"origin": [-20, 12, -6], "size": [10, 13, 1], "uv": [91, 67]},
						{"origin": [-12, 20.5, -6.7], "size": [1, 1, 1], "inflate": -0.3, "uv": [84, 70]},
						{"origin": [-12, 16.5, -7.1], "size": [1, 5, 1], "inflate": -0.3, "uv": [0, 16]}
					]
				},
				{
					"name": "monitor",
					"parent": "base",
					"pivot": [0, 0, -2],
					"cubes": [
						{"origin": [-6, 20, 1], "size": [1, 8, 1], "pivot": [0, 20, 1], "rotation": [-12.5, 0, 0], "uv": [0, 46]},
						{"origin": [3, 20, 1], "size": [1, 8, 1], "pivot": [0, 20, 1], "rotation": [-12.5, 0, 0], "uv": [43, 0]},
						{"origin": [-5, 20, 1], "size": [8, 1, 1], "pivot": [0, 20, 1], "rotation": [-12.5, 0, 0], "uv": [81, 10]},
						{"origin": [-5, 27, 1], "size": [8, 1, 1], "pivot": [0, 20, 1], "rotation": [-12.5, 0, 0], "uv": [58, 29]},
						{"origin": [-5, 21, 1.2], "size": [8, 6, 1], "pivot": [0, 20, 1], "rotation": [-12.5, 0, 0], "uv": [0, 99]},
						{"origin": [-6, 20, 2], "size": [10, 8, 2], "pivot": [0, 20, 1], "rotation": [-12.5, 0, 0], "uv": [81, 0]},
						{"origin": [-5, 20, 4], "size": [8, 7, 1], "pivot": [0, 20, 1], "rotation": [-12.5, 0, 0], "uv": [36, 98]},
						{"origin": [-3, 17, 5], "size": [4, 7, 1], "uv": [0, 31]},
						{"origin": [-4, 17, 4], "size": [6, 1, 3], "uv": [18, 101]}
					]
				},
				{
					"name": "antenna",
					"parent": "base",
					"pivot": [0, 0, 0],
					"cubes": [
						{"origin": [-16, 27.5, -1], "size": [3, 1, 3], "uv": [0, 41]},
						{"origin": [-15, 28.5, 0], "size": [1, 1, 1], "uv": [84, 68]},
						{"origin": [-15, 29.3, 0], "size": [1, 6, 1], "inflate": -0.2, "uv": [10, 23]},
						{"origin": [-15, 34.8, 0], "size": [1, 1, 1], "inflate": -0.3, "uv": [8, 20]},
						{"origin": [-15, 35, 0], "size": [1, 3, 1], "inflate": -0.4, "uv": [50, 53]},
						{"origin": [-18, 33.3, -2], "size": [4, 1, 2], "inflate": -0.2, "pivot": [-14.2, 29.5, 0], "rotation": [0, 0, 20], "uv": [42, 40]},
						{"origin": [-18, 33.3, -4], "size": [4, 1, 2], "inflate": -0.2, "pivot": [-14.2, 29.5, 0], "rotation": [0, 0, 20], "uv": [42, 37]},
						{"origin": [-18, 33.3, 1], "size": [4, 1, 2], "inflate": -0.2, "pivot": [-14.2, 29.5, 0], "rotation": [0, 0, 20], "uv": [42, 34]},
						{"origin": [-16.4, 32.7, -3], "size": [1, 1, 7], "inflate": -0.2, "pivot": [-14.2, 29.5, 0], "rotation": [0, 0, 20], "uv": [98, 3]},
						{"origin": [-18, 33.3, 3], "size": [4, 1, 2], "inflate": -0.2, "pivot": [-14.2, 29.5, 0], "rotation": [0, 0, 20], "uv": [42, 31]}
					]
				},
				{
					"name": "keyboard",
					"parent": "umakmart",
					"pivot": [-1, 1, 4],
					"cubes": [
						{"origin": [-7, 16.7, -3.1], "size": [12, 1, 5], "inflate": -0.3, "uv": [75, 61]},
						{"origin": [-7.4, 16.7, -0.1], "size": [1, 1, 1], "inflate": -0.2, "uv": [49, 9]},
						{"origin": [-7.9, 16.7, -0.1], "size": [1, 1, 6], "inflate": -0.3, "uv": [0, 16]},
						{"origin": [-7.5, 16.7, 4.9], "size": [4, 1, 1], "inflate": -0.3, "uv": [0, 39]},
						{"origin": [-4.7, 16.7, 4.9], "size": [1, 1, 1], "inflate": -0.2, "uv": [44, 20]},
						{"origin": [-7, 16.7, -3.1], "size": [12, 1, 5], "inflate": -0.3, "pivot": [-1, 17.4, -2.8], "rotation": [5, 0, 0], "uv": [44, 23]},
						{"origin": [-6.4, 16.9, -2.5], "size": [1, 1, 1], "inflate": -0.3, "pivot": [-1, 17.4, -2.8], "rotation": [5, 0, 0], "uv": [4, 84]},
						{"origin": [-6.4, 16.9, -2], "size": [1, 1, 1], "inflate": -0.3, "pivot": [-1, 17.4, -2.8], "rotation": [5, 0, 0], "uv": [0, 84]},
						{"origin": [-6.4, 16.9, -1.5], "size": [1, 1, 1], "inflate": -0.3, "pivot": [-1, 17.4, -2.8], "rotation": [5, 0, 0], "uv": [54, 83]},
						{"origin": [-6.4, 16.9, -1], "size": [1, 1, 1], "inflate": -0.3, "pivot": [-1, 17.4, -2.8], "rotation": [5, 0, 0], "uv": [50, 83]},
						{"origin": [-6.4, 16.9, -0.5], "size": [1, 1, 1], "inflate": -0.3, "pivot": [-1, 17.4, -2.8], "rotation": [5, 0, 0], "uv": [57, 82]},
						{"origin": [-5.9, 16.9, -0.5], "size": [1, 1, 1], "inflate": -0.3, "pivot": [-1, 17.4, -2.8], "rotation": [5, 0, 0], "uv": [42, 82]},
						{"origin": [-4.9, 16.9, -0.5], "size": [1, 1, 1], "inflate": -0.3, "pivot": [-1, 17.4, -2.8], "rotation": [5, 0, 0], "uv": [4, 82]},
						{"origin": [-4.8, 16.9, -1], "size": [1, 1, 1], "inflate": -0.3, "pivot": [-1, 17.4, -2.8], "rotation": [5, 0, 0], "uv": [0, 82]},
						{"origin": [-4.8, 16.9, -1.5], "size": [1, 1, 1], "inflate": -0.3, "pivot": [-1, 17.4, -2.8], "rotation": [5, 0, 0], "uv": [81, 73]},
						{"origin": [-5, 16.9, -2], "size": [1, 1, 1], "inflate": -0.3, "pivot": [-1, 17.4, -2.8], "rotation": [5, 0, 0], "uv": [81, 71]},
						{"origin": [-5.1, 16.8, -2], "size": [1.2, 1, 1], "inflate": -0.3, "pivot": [-1, 17.4, -2.8], "rotation": [5, 0, 0], "uv": [81, 69]},
						{"origin": [-5.1, 16.8, -1.5], "size": [1.6, 1, 1], "inflate": -0.3, "pivot": [-1, 17.4, -2.8], "rotation": [5, 0, 0], "uv": [81, 67]},
						{"origin": [-5.1, 16.8, -1], "size": [1.4, 1, 1], "inflate": -0.3, "pivot": [-1, 17.4, -2.8], "rotation": [5, 0, 0], "uv": [54, 81]},
						{"origin": [-5.1, 16.8, -2.5], "size": [1.6, 1, 1], "inflate": -0.3, "pivot": [-1, 17.4, -2.8], "rotation": [5, 0, 0], "uv": [50, 81]},
						{"origin": [-4.8, 16.9, -2.5], "size": [1, 1, 1], "inflate": -0.3, "pivot": [-1, 17.4, -2.8], "rotation": [5, 0, 0], "uv": [57, 80]},
						{"origin": [-3.9, 16.9, -2.5], "size": [6, 1, 1], "inflate": -0.3, "pivot": [-1, 17.4, -2.8], "rotation": [5, 0, 0], "uv": [43, 13]},
						{"origin": [-4.4, 16.9, -0.5], "size": [1, 1, 1], "inflate": -0.3, "pivot": [-1, 17.4, -2.8], "rotation": [5, 0, 0], "uv": [42, 80]},
						{"origin": [-4.2, 16.9, -1], "size": [1, 1, 1], "inflate": -0.3, "pivot": [-1, 17.4, -2.8], "rotation": [5, 0, 0], "uv": [4, 80]},
						{"origin": [-3.7, 16.9, -1], "size": [1, 1, 1], "inflate": -0.3, "pivot": [-1, 17.4, -2.8], "rotation": [5, 0, 0], "uv": [0, 80]},
						{"origin": [-2.7, 16.9, -1], "size": [1, 1, 1], "inflate": -0.3, "pivot": [-1, 17.4, -2.8], "rotation": [5, 0, 0], "uv": [54, 79]},
						{"origin": [-3.2, 16.9, -1], "size": [1, 1, 1], "inflate": -0.3, "pivot": [-1, 17.4, -2.8], "rotation": [5, 0, 0], "uv": [50, 79]},
						{"origin": [-1.7, 16.9, -1], "size": [1, 1, 1], "inflate": -0.3, "pivot": [-1, 17.4, -2.8], "rotation": [5, 0, 0], "uv": [78, 72]},
						{"origin": [-2.2, 16.9, -1], "size": [1, 1, 1], "inflate": -0.3, "pivot": [-1, 17.4, -2.8], "rotation": [5, 0, 0], "uv": [78, 70]},
						{"origin": [-0.7, 16.9, -1], "size": [1, 1, 1], "inflate": -0.3, "pivot": [-1, 17.4, -2.8], "rotation": [5, 0, 0], "uv": [78, 68]},
						{"origin": [-1.2, 16.9, -1], "size": [1, 1, 1], "inflate": -0.3, "pivot": [-1, 17.4, -2.8], "rotation": [5, 0, 0], "uv": [57, 78]},
						{"origin": [0.3, 16.9, -1], "size": [1, 1, 1], "inflate": -0.3, "pivot": [-1, 17.4, -2.8], "rotation": [5, 0, 0], "uv": [42, 78]},
						{"origin": [-0.2, 16.9, -1], "size": [1, 1, 1], "inflate": -0.3, "pivot": [-1, 17.4, -2.8], "rotation": [5, 0, 0], "uv": [4, 78]},
						{"origin": [1.3, 16.9, -1], "size": [1, 1, 1], "inflate": -0.3, "pivot": [-1, 17.4, -2.8], "rotation": [5, 0, 0], "uv": [0, 78]},
						{"origin": [1.8, 16.9, -1], "size": [1, 1, 1], "inflate": -0.3, "pivot": [-1, 17.4, -2.8], "rotation": [5, 0, 0], "uv": [54, 77]},
						{"origin": [0.8, 16.9, -1], "size": [1, 1, 1], "inflate": -0.3, "pivot": [-1, 17.4, -2.8], "rotation": [5, 0, 0], "uv": [50, 77]},
						{"origin": [-4, 16.9, -1.5], "size": [1, 1, 1], "inflate": -0.3, "pivot": [-1, 17.4, -2.8], "rotation": [5, 0, 0], "uv": [57, 76]},
						{"origin": [-3.5, 16.9, -1.5], "size": [1, 1, 1], "inflate": -0.3, "pivot": [-1, 17.4, -2.8], "rotation": [5, 0, 0], "uv": [76, 29]},
						{"origin": [-3, 16.9, -1.5], "size": [1, 1, 1], "inflate": -0.3, "pivot": [-1, 17.4, -2.8], "rotation": [5, 0, 0], "uv": [76, 26]},
						{"origin": [-2.5, 16.9, -1.5], "size": [1, 1, 1], "inflate": -0.3, "pivot": [-1, 17.4, -2.8], "rotation": [5, 0, 0], "uv": [76, 24]},
						{"origin": [-2, 16.9, -1.5], "size": [1, 1, 1], "inflate": -0.3, "pivot": [-1, 17.4, -2.8], "rotation": [5, 0, 0], "uv": [12, 76]},
						{"origin": [-1.5, 16.9, -1.5], "size": [1, 1, 1], "inflate": -0.3, "pivot": [-1, 17.4, -2.8], "rotation": [5, 0, 0], "uv": [4, 76]},
						{"origin": [-1, 16.9, -1.5], "size": [1, 1, 1], "inflate": -0.3, "pivot": [-1, 17.4, -2.8], "rotation": [5, 0, 0], "uv": [0, 76]},
						{"origin": [-0.5, 16.9, -1.5], "size": [1, 1, 1], "inflate": -0.3, "pivot": [-1, 17.4, -2.8], "rotation": [5, 0, 0], "uv": [75, 73]},
						{"origin": [-3.8, 16.9, -2], "size": [1, 1, 1], "inflate": -0.3, "pivot": [-1, 17.4, -2.8], "rotation": [5, 0, 0], "uv": [75, 71]},
						{"origin": [-4.3, 16.9, -2], "size": [1, 1, 1], "inflate": -0.3, "pivot": [-1, 17.4, -2.8], "rotation": [5, 0, 0], "uv": [75, 69]},
						{"origin": [-3.3, 16.9, -2], "size": [1, 1, 1], "inflate": -0.3, "pivot": [-1, 17.4, -2.8], "rotation": [5, 0, 0], "uv": [75, 67]},
						{"origin": [-2.8, 16.9, -2], "size": [1, 1, 1], "inflate": -0.3, "pivot": [-1, 17.4, -2.8], "rotation": [5, 0, 0], "uv": [75, 63]},
						{"origin": [-2.3, 16.9, -2], "size": [1, 1, 1], "inflate": -0.3, "pivot": [-1, 17.4, -2.8], "rotation": [5, 0, 0], "uv": [54, 75]},
						{"origin": [-1.8, 16.9, -2], "size": [1, 1, 1], "inflate": -0.3, "pivot": [-1, 17.4, -2.8], "rotation": [5, 0, 0], "uv": [50, 75]},
						{"origin": [-1.3, 16.9, -2], "size": [1, 1, 1], "inflate": -0.3, "pivot": [-1, 17.4, -2.8], "rotation": [5, 0, 0], "uv": [37, 74]},
						{"origin": [-0.8, 16.9, -2], "size": [1, 1, 1], "inflate": -0.3, "pivot": [-1, 17.4, -2.8], "rotation": [5, 0, 0], "uv": [73, 61]},
						{"origin": [-0.3, 16.9, -2], "size": [1, 1, 1], "inflate": -0.3, "pivot": [-1, 17.4, -2.8], "rotation": [5, 0, 0], "uv": [34, 73]},
						{"origin": [1.2, 16.9, -2], "size": [1, 1, 1], "inflate": -0.3, "pivot": [-1, 17.4, -2.8], "rotation": [5, 0, 0], "uv": [73, 25]},
						{"origin": [1.9, 16.9, -2], "size": [1, 1, 1], "inflate": -0.3, "pivot": [-1, 17.4, -2.8], "rotation": [5, 0, 0], "uv": [73, 23]},
						{"origin": [1.9, 16.9, -2.5], "size": [1, 1, 1], "inflate": -0.3, "pivot": [-1, 17.4, -2.8], "rotation": [5, 0, 0], "uv": [37, 72]},
						{"origin": [1.6, 16.8, -2.5], "size": [1.6, 1, 1], "inflate": -0.3, "pivot": [-1, 17.4, -2.8], "rotation": [5, 0, 0], "uv": [34, 71]},
						{"origin": [2.7, 16.8, -2.5], "size": [1.4, 1, 1], "inflate": -0.3, "pivot": [-1, 17.4, -2.8], "rotation": [5, 0, 0], "uv": [37, 70]},
						{"origin": [2.9, 16.9, -2.5], "size": [1, 1, 1], "inflate": -0.3, "pivot": [-1, 17.4, -2.8], "rotation": [5, 0, 0], "uv": [69, 57]},
						{"origin": [2.7, 16.9, -2], "size": [1, 1, 1], "inflate": -0.3, "pivot": [-1, 17.4, -2.8], "rotation": [5, 0, 0], "uv": [69, 55]},
						{"origin": [3.2, 16.9, -2], "size": [1, 1, 1], "inflate": -0.3, "pivot": [-1, 17.4, -2.8], "rotation": [5, 0, 0], "uv": [69, 53]},
						{"origin": [3.7, 16.9, -2], "size": [1, 1, 1], "inflate": -0.3, "pivot": [-1, 17.4, -2.8], "rotation": [5, 0, 0], "uv": [69, 51]},
						{"origin": [3.7, 16.9, -1.5], "size": [1, 1, 1], "inflate": -0.3, "pivot": [-1, 17.4, -2.8], "rotation": [5, 0, 0], "uv": [69, 49]},
						{"origin": [3.2, 16.9, -1.5], "size": [1, 1, 1], "inflate": -0.3, "pivot": [-1, 17.4, -2.8], "rotation": [5, 0, 0], "uv": [69, 47]},
						{"origin": [2.7, 16.9, -1.5], "size": [1, 1, 1], "inflate": -0.3, "pivot": [-1, 17.4, -2.8], "rotation": [5, 0, 0], "uv": [34, 69]},
						{"origin": [3.7, 16.9, -1], "size": [1, 1, 1], "inflate": -0.3, "pivot": [-1, 17.4, -2.8], "rotation": [5, 0, 0], "uv": [68, 44]},
						{"origin": [3.2, 16.9, -1], "size": [1, 1, 1], "inflate": -0.3, "pivot": [-1, 17.4, -2.8], "rotation": [5, 0, 0], "uv": [37, 68]},
						{"origin": [2.7, 16.9, -1], "size": [1, 1, 1], "inflate": -0.3, "pivot": [-1, 17.4, -2.8], "rotation": [5, 0, 0], "uv": [34, 67]},
						{"origin": [3.6, 16.8, -2.5], "size": [1.3, 1, 1], "inflate": -0.3, "pivot": [-1, 17.4, -2.8], "rotation": [5, 0, 0], "uv": [66, 56]},
						{"origin": [3.8, 16.9, -2.5], "size": [1, 1, 1], "inflate": -0.3, "pivot": [-1, 17.4, -2.8], "rotation": [5, 0, 0], "uv": [66, 54]},
						{"origin": [1.7, 16.8, -2], "size": [1.5, 1, 1], "inflate": -0.3, "pivot": [-1, 17.4, -2.8], "rotation": [5, 0, 0], "uv": [66, 52]},
						{"origin": [1.7, 16.8, -0.5], "size": [1.5, 1, 1], "inflate": -0.3, "pivot": [-1, 17.4, -2.8], "rotation": [5, 0, 0], "uv": [66, 50]},
						{"origin": [1.9, 16.9, -0.5], "size": [1, 1, 1], "inflate": -0.3, "pivot": [-1, 17.4, -2.8], "rotation": [5, 0, 0], "uv": [66, 48]},
						{"origin": [2.7, 16.8, -0.5], "size": [1.2, 1, 1], "inflate": -0.3, "pivot": [-1, 17.4, -2.8], "rotation": [5, 0, 0], "uv": [66, 46]},
						{"origin": [2.8, 16.9, -0.5], "size": [1, 1, 1], "inflate": -0.3, "pivot": [-1, 17.4, -2.8], "rotation": [5, 0, 0], "uv": [37, 66]},
						{"origin": [3.4, 16.8, -0.5], "size": [1.2, 1, 1], "inflate": -0.3, "pivot": [-1, 17.4, -2.8], "rotation": [5, 0, 0], "uv": [34, 65]},
						{"origin": [3.5, 16.9, -0.5], "size": [1, 1, 1], "inflate": -0.3, "pivot": [-1, 17.4, -2.8], "rotation": [5, 0, 0], "uv": [64, 44]},
						{"origin": [1.5, 16.8, -1.5], "size": [1.7, 1, 1], "inflate": -0.3, "pivot": [-1, 17.4, -2.8], "rotation": [5, 0, 0], "uv": [37, 64]},
						{"origin": [0.2, 16.9, -2], "size": [1, 1, 1], "inflate": -0.3, "pivot": [-1, 17.4, -2.8], "rotation": [5, 0, 0], "uv": [34, 63]},
						{"origin": [0.7, 16.9, -2], "size": [1, 1, 1], "inflate": -0.3, "pivot": [-1, 17.4, -2.8], "rotation": [5, 0, 0], "uv": [37, 62]},
						{"origin": [0, 16.9, -1.5], "size": [1, 1, 1], "inflate": -0.3, "pivot": [-1, 17.4, -2.8], "rotation": [5, 0, 0], "uv": [34, 61]},
						{"origin": [0.5, 16.9, -1.5], "size": [1, 1, 1], "inflate": -0.3, "pivot": [-1, 17.4, -2.8], "rotation": [5, 0, 0], "uv": [37, 60]},
						{"origin": [1, 16.9, -1.5], "size": [1, 1, 1], "inflate": -0.3, "pivot": [-1, 17.4, -2.8], "rotation": [5, 0, 0], "uv": [34, 59]},
						{"origin": [1.9, 16.9, -1.5], "size": [1, 1, 1], "inflate": -0.3, "pivot": [-1, 17.4, -2.8], "rotation": [5, 0, 0], "uv": [30, 59]},
						{"origin": [-3.4, 16.9, -0.5], "size": [1, 1, 1], "inflate": -0.3, "pivot": [-1, 17.4, -2.8], "rotation": [5, 0, 0], "uv": [7, 58]},
						{"origin": [-3.9, 16.9, -0.5], "size": [1, 1, 1], "inflate": -0.3, "pivot": [-1, 17.4, -2.8], "rotation": [5, 0, 0], "uv": [3, 58]},
						{"origin": [-1.9, 16.9, -0.5], "size": [1, 1, 1], "inflate": -0.3, "pivot": [-1, 17.4, -2.8], "rotation": [5, 0, 0], "uv": [51, 57]},
						{"origin": [-2.4, 16.9, -0.5], "size": [1, 1, 1], "inflate": -0.3, "pivot": [-1, 17.4, -2.8], "rotation": [5, 0, 0], "uv": [47, 57]},
						{"origin": [-2.9, 16.9, -0.5], "size": [1, 1, 1], "inflate": -0.3, "pivot": [-1, 17.4, -2.8], "rotation": [5, 0, 0], "uv": [10, 57]},
						{"origin": [-0.4, 16.9, -0.5], "size": [1, 1, 1], "inflate": -0.3, "pivot": [-1, 17.4, -2.8], "rotation": [5, 0, 0], "uv": [0, 57]},
						{"origin": [0.1, 16.9, -0.5], "size": [1, 1, 1], "inflate": -0.3, "pivot": [-1, 17.4, -2.8], "rotation": [5, 0, 0], "uv": [44, 56]},
						{"origin": [1.1, 16.9, -0.5], "size": [1, 1, 1], "inflate": -0.3, "pivot": [-1, 17.4, -2.8], "rotation": [5, 0, 0], "uv": [40, 56]},
						{"origin": [0.6, 16.9, -0.5], "size": [1, 1, 1], "inflate": -0.3, "pivot": [-1, 17.4, -2.8], "rotation": [5, 0, 0], "uv": [7, 56]},
						{"origin": [-0.9, 16.9, -0.5], "size": [1, 1, 1], "inflate": -0.3, "pivot": [-1, 17.4, -2.8], "rotation": [5, 0, 0], "uv": [3, 56]},
						{"origin": [-1.4, 16.9, -0.5], "size": [1, 1, 1], "inflate": -0.3, "pivot": [-1, 17.4, -2.8], "rotation": [5, 0, 0], "uv": [10, 55]},
						{"origin": [-5.9, 16.9, -1], "size": [1, 1, 1], "inflate": -0.3, "pivot": [-1, 17.4, -2.8], "rotation": [5, 0, 0], "uv": [0, 55]},
						{"origin": [-5.9, 16.9, -2], "size": [1, 1, 1], "inflate": -0.3, "pivot": [-1, 17.4, -2.8], "rotation": [5, 0, 0], "uv": [7, 54]},
						{"origin": [-5.9, 16.9, -1.5], "size": [1, 1, 1], "inflate": -0.3, "pivot": [-1, 17.4, -2.8], "rotation": [5, 0, 0], "uv": [3, 54]},
						{"origin": [-5.9, 16.9, -2.5], "size": [1, 1, 1], "inflate": -0.3, "pivot": [-1, 17.4, -2.8], "rotation": [5, 0, 0], "uv": [51, 6]}
					]
				},
				{
					"name": "umak",
					"parent": "umakmart",
					"pivot": [0, 0, 0],
					"cubes": [
						{"origin": [-4, 30, 4.8], "size": [1, 3, 1], "inflate": -0.1, "uv": [50, 49]},
						{"origin": [1, 30, 4.8], "size": [1, 3, 1], "inflate": -0.1, "uv": [44, 23]},
						{"origin": [-5, 29.3, 4], "size": [8, 1, 2], "uv": [91, 81]},
						{"origin": [-7, 31, 4.5], "size": [12, 4, 1], "uv": [80, 37]}
					]
				}
			]
		}
	]
}