{
	"format_version": "1.12.0",
	"minecraft:geometry": [
		{
			"description": {
				"identifier": "geometry.coffee_table",
				"texture_width": 64,
				"texture_height": 64,
				"visible_bounds_width": 3,
				"visible_bounds_height": 2.5,
				"visible_bounds_offset": [0, 0.75, 0]
			},
			"bones": [
				{
					"name": "unknown_bone",
					"pivot": [0, 0, 0],
					"cubes": [
						{"origin": [5, 0, -7], "size": [2, 11, 2], "uv": [8, 17]},
						{"origin": [-7, 0, -7], "size": [2, 11, 2], "uv": [0, 17]},
						{"origin": [-7, 0, 5], "size": [2, 11, 2], "uv": [8, 0]},
						{"origin": [5, 0, 5], "size": [2, 11, 2], "uv": [0, 0]},
						{"origin": [-8, 11, -8], "size": [16, 1, 16], "uv": [0, 0]}
					]
				}
			]
		}
	]
}