{
	"format_version": "1.12.0",
	"minecraft:geometry": [
		{
			"description": {
				"identifier": "geometry.furniture_crafting_table",
				"texture_width": 128,
				"texture_height": 128,
				"visible_bounds_width": 4,
				"visible_bounds_height": 2.5,
				"visible_bounds_offset": [0, 0.75, 0]
			},
			"bones": [
				{
					"name": "Table",
					"pivot": [0, 0, 0],
					"cubes": [
						{"origin": [14, 0, -8], "size": [2, 14, 2], "uv": [22, 24]},
						{"origin": [14, 0, 6], "size": [2, 14, 2], "uv": [0, 0]},
						{"origin": [-17, 14, -8], "size": [33, 2, 16], "uv": [0, 0]},
						{"origin": [-17, 0, -8], "size": [2, 14, 2], "uv": [0, 18]},
						{"origin": [-17, 0, 6], "size": [2, 14, 2], "uv": [8, 0]}
					]
				},
				{
					"name": "Saw",
					"pivot": [-12.5, 16.5, 1.78571],
					"rotation": [0, 30, 0],
					"cubes": [
						{"origin": [-14, 16, -1], "size": [1, 1, 3], "uv": [24, 18]},
						{"origin": [-12, 16, 2], "size": [1, 1, 3], "uv": [13, 27]},
						{"origin": [-14, 16, 2], "size": [1, 1, 3], "uv": [8, 26]},
						{"origin": [-13, 16, 4], "size": [1, 1, 1], "uv": [6, 18]},
						{"origin": [-13, 16, 2], "size": [1, 1, 1], "uv": [6, 0]},
						{"origin": [-12, 16, -5], "size": [1, 1, 7], "uv": [8, 18]},
						{"origin": [-13, 16, -3], "size": [1, 1, 5], "uv": [17, 18]}
					]
				}
			]
		}
	]
}