{
	"format_version": "1.12.0",
	"minecraft:geometry": [
		{
			"description": {
				"identifier": "geometry.grill",
				"texture_width": 64,
				"texture_height": 64,
				"visible_bounds_width": 2,
				"visible_bounds_height": 2.5,
				"visible_bounds_offset": [0, 0.75, 0]
			},
			"bones": [
				{
					"name": "unknown_bone",
					"pivot": [0, 0, 0],
					"cubes": [
						{"origin": [5, 0, 3], "size": [1, 1, 2], "uv": [41, 2]},
						{"origin": [-6, 0, 3], "size": [1, 1, 2], "uv": [0, 41]},
						{"origin": [5, 3, 3], "size": [1, 1, 2], "uv": [6, 41]},
						{"origin": [-6, 3, 3], "size": [1, 1, 2], "uv": [40, 24]},
						{"origin": [5, 1, 3], "size": [1, 2, 2], "uv": [38, 33]},
						{"origin": [-6, 1, 3], "size": [1, 2, 2], "uv": [29, 4]},
						{"origin": [-5, 1.5, 3.5], "size": [10, 1, 1], "uv": [0, 14]},
						{"origin": [-5, 2.5, 3.5], "size": [1, 7, 1], "uv": [38, 4]},
						{"origin": [-3, 11.5, 6.5], "size": [6, 5, 1], "uv": [12, 26]},
						{"origin": [7, 11.5, -2.5], "size": [1, 5, 5], "uv": [0, 18]},
						{"origin": [-8, 11.5, -2.5], "size": [1, 5, 5], "uv": [16, 16]},
						{"origin": [-6, 11.5, 4.5], "size": [1, 5, 1], "uv": [20, 40]},
						{"origin": [5, 11.5, 4.5], "size": [1, 5, 1], "uv": [38, 20]},
						{"origin": [3, 11.5, 5.5], "size": [2, 5, 1], "uv": [35, 27]},
						{"origin": [3, 11.5, -6.5], "size": [2, 5, 1], "uv": [26, 34]},
						{"origin": [-5, 11.5, -6.5], "size": [2, 5, 1], "uv": [32, 20]},
						{"origin": [-5, 11.5, 5.5], "size": [2, 5, 1], "uv": [32, 34]},
						{"origin": [6, 11.5, 2.5], "size": [1, 5, 2], "uv": [6, 34]},
						{"origin": [-5, 15, 4.5], "size": [10, 0.25, 1], "uv": [0, 17]},
						{"origin": [-6, 15, 2.5], "size": [12, 0.25, 1], "uv": [0, 13]},
						{"origin": [-7, 15, 0.5], "size": [14, 0.25, 1], "uv": [0, 11]},
						{"origin": [-7, 15, -1.5], "size": [14, 0.25, 1], "uv": [0, 10]},
						{"origin": [-6, 15, -3.5], "size": [12, 0.25, 1], "uv": [0, 12]},
						{"origin": [-5, 15, -5.5], "size": [10, 0.25, 1], "uv": [0, 16]},
						{"origin": [-7, 11.5, 2.5], "size": [1, 5, 2], "uv": [0, 0]},
						{"origin": [-7, 11.5, -4.5], "size": [1, 5, 2], "uv": [20, 33]},
						{"origin": [6, 11.5, -4.5], "size": [1, 5, 2], "uv": [0, 34]},
						{"origin": [5, 11.5, -5.5], "size": [1, 5, 1], "uv": [37, 14]},
						{"origin": [-6, 11.5, -5.5], "size": [1, 5, 1], "uv": [12, 20]},
						{"origin": [-6, 10.5, -4.5], "size": [1, 1, 2], "uv": [40, 10]},
						{"origin": [5, 10.5, -4.5], "size": [1, 1, 2], "uv": [30, 40]},
						{"origin": [5, 10.5, 2.5], "size": [1, 1, 2], "uv": [24, 40]},
						{"origin": [-6, 10.5, 2.5], "size": [1, 1, 2], "uv": [7, 30]},
						{"origin": [-5, 10.5, -5.5], "size": [2, 1, 1], "uv": [41, 15]},
						{"origin": [-5, 10.5, 4.5], "size": [2, 1, 1], "uv": [40, 13]},
						{"origin": [3, 10.5, 4.5], "size": [2, 1, 1], "uv": [29, 10]},
						{"origin": [3, 10.5, -5.5], "size": [2, 1, 1], "uv": [0, 7]},
						{"origin": [-5, 9.5, -4.5], "size": [10, 1, 9], "uv": [0, 0]},
						{"origin": [-3, 9.5, -5.5], "size": [6, 1, 1], "uv": [29, 2]},
						{"origin": [-3, 10.5, -6.5], "size": [6, 1, 1], "uv": [25, 12]},
						{"origin": [-3, 10.5, 5.5], "size": [6, 1, 1], "uv": [7, 18]},
						{"origin": [-3, 9.5, 4.5], "size": [6, 1, 1], "uv": [29, 0]},
						{"origin": [-6, 9.5, -2.5], "size": [1, 1, 5], "uv": [28, 28]},
						{"origin": [6, 10.5, -2.5], "size": [1, 1, 5], "uv": [0, 28]},
						{"origin": [-7, 10.5, -2.5], "size": [1, 1, 5], "uv": [25, 21]},
						{"origin": [5, 9.5, -2.5], "size": [1, 1, 5], "uv": [21, 27]},
						{"origin": [-3, 11.5, -7.5], "size": [6, 5, 1], "uv": [23, 14]},
						{"origin": [4, 2.5, 3.5], "size": [1, 7, 1], "uv": [38, 38]},
						{"origin": [4, 0, -4.5], "size": [1, 9.5, 1], "uv": [16, 32]},
						{"origin": [-5, 0, -4.5], "size": [1, 9.5, 1], "uv": [12, 32]},
						{"origin": [5, 1, 5], "size": [1, 2, 1], "uv": [28, 28]},
						{"origin": [-6, 1, 5], "size": [1, 2, 1], "uv": [0, 18]},
						{"origin": [5, 1, 2], "size": [1, 2, 1], "uv": [0, 28]},
						{"origin": [-6, 1, 2], "size": [1, 2, 1], "uv": [7, 20]}
					]
				}
			]
		}
	]
}