{
	"format_version": "1.12.0",
	"minecraft:geometry": [
		{
			"description": {
				"identifier": "geometry.laptop",
				"texture_width": 64,
				"texture_height": 64,
				"visible_bounds_width": 4,
				"visible_bounds_height": 2.5,
				"visible_bounds_offset": [0, 0.75, 0]
			},
			"bones": [
				{
					"name": "unknown_bone",
					"pivot": [0, 0, 0],
					"cubes": [
						{"origin": [-7, 0, -5], "size": [14, 1, 11], "uv": [0, 0]},
						{"origin": [-7, 1, -6], "size": [14, 11, 1], "uv": [0, 12]}
					]
				}
			]
		}
	]
}