{
	"format_version": "1.12.0",
	"minecraft:geometry": [
		{
			"description": {
				"identifier": "geometry.old_tv",
				"texture_width": 64,
				"texture_height": 64,
				"visible_bounds_width": 2,
				"visible_bounds_height": 2.5,
				"visible_bounds_offset": [0, 0.75, 0]
			},
			"bones": [
				{
					"name": "unknown_bone",
					"pivot": [0, 0, 0],
					"cubes": [
						{"origin": [-5, 2, -6], "size": [10, 10, 8], "uv": [0, 22]},
						{"origin": [-7, 12, -7], "size": [14, 2, 9], "uv": [0, 11]},
						{"origin": [-7, 0, -7], "size": [14, 2, 9], "uv": [0, 0]},
						{"origin": [-7, 2, -7], "size": [2, 10, 9], "uv": [0, 40]},
						{"origin": [5, 2, -7], "size": [2, 10, 9], "uv": [37, 13]},
						{"origin": [-5, 2, 2], "size": [10, 10, 5], "uv": [31, 35]}
					]
				}
			]
		}
	]
}