{
	"format_version": "1.12.0",
	"minecraft:geometry": [
		{
			"description": {
				"identifier": "geometry.shelf",
				"texture_width": 128,
				"texture_height": 128,
				"visible_bounds_width": 2,
				"visible_bounds_height": 2.5,
				"visible_bounds_offset": [0, 0.75, 0]
			},
			"bones": [
				{
					"name": "unknown_bone",
					"pivot": [0, 0, 0],
					"cubes": [
						{"origin": [-8, 0, -8], "size": [16, 1, 9], "uv": [0, 10]},
						{"origin": [-7, 7.5, -7], "size": [14, 1, 8], "uv": [0, 20]},
						{"origin": [7, 1, -8], "size": [1, 14, 9], "uv": [0, 44]},
						{"origin": [-8, 1, -8], "size": [1, 14, 9], "uv": [30, 30]},
						{"origin": [-8, 15, -8], "size": [16, 1, 9], "uv": [0, 0]},
						{"origin": [-7, 1, -8], "size": [14, 14, 1], "uv": [0, 29]}
					]
				}
			]
		}
	]
}