{
	"format_version": "1.12.0",
	"minecraft:geometry": [
		{
			"description": {
				"identifier": "geometry.stove",
				"texture_width": 64,
				"texture_height": 64,
				"visible_bounds_width": 2,
				"visible_bounds_height": 2.5,
				"visible_bounds_offset": [0, 0.75, 0]
			},
			"bones": [
				{
					"name": "unknown_bone",
					"pivot": [0, 0, 0],
					"cubes": [
						{"origin": [-8, 0, -7], "size": [16, 15, 15], "uv": [0, 0]},
						{"origin": [-6, 15, -6], "size": [4, 1, 4], "pivot": [-4.5, 15.5, -3.5], "rotation": [0, -45, 0], "uv": [38, 31]},
						{"origin": [-6, 15, 2], "size": [4, 1, 4], "pivot": [-4.5, 15.5, 4.5], "rotation": [0, -45, 0], "uv": [38, 38]},
						{"origin": [2, 15, 3], "size": [4, 1, 4], "pivot": [4.5, 15.5, 4.5], "rotation": [0, -45, 0], "uv": [26, 35]},
						{"origin": [2, 15, -5], "size": [4, 1, 4], "pivot": [4.5, 15.5, -3.5], "rotation": [0, -45, 0], "uv": [26, 30]},
						{"origin": [-6, 2, -8], "size": [12, 9, 1], "uv": [0, 30]},
						{"origin": [-6, 12, -8], "size": [2, 2, 1], "uv": [6, 0]},
						{"origin": [-3, 12, -8], "size": [2, 2, 1], "uv": [5, 5]},
						{"origin": [0, 12, -8], "size": [2, 2, 1], "uv": [0, 3]},
						{"origin": [3, 12, -8], "size": [2, 2, 1], "uv": [0, 0]}
					]
				}
			]
		}
	]
}