{
	"format_version": "1.12.0",
	"minecraft:geometry": [
		{
			"description": {
				"identifier": "geometry.table",
				"texture_width": 64,
				"texture_height": 64,
				"visible_bounds_width": 3,
				"visible_bounds_height": 2.5,
				"visible_bounds_offset": [0, 0.75, 0]
			},
			"bones": [
				{
					"name": "unknown_bone",
					"pivot": [0, 0, 0],
					"cubes": [
						{"origin": [-8, 0, -8], "size": [2, 13, 2], "uv": [8, 19]},
						{"origin": [6, 0, -8], "size": [2, 13, 2], "uv": [0, 19]},
						{"origin": [6, 0, 6], "size": [2, 13, 2], "uv": [8, 0]},
						{"origin": [-8, 0, 6], "size": [2, 13, 2], "uv": [0, 0]},
						{"origin": [-8, 13, -8], "size": [16, 3, 16], "uv": [0, 0]}
					]
				}
			]
		}
	]
}