{
	"format_version": "1.12.0",
	"minecraft:geometry": [
		{
			"description": {
				"identifier": "geometry.bzf_toiletwhite",
				"texture_width": 128,
				"texture_height": 128,
				"visible_bounds_width": 0,
				"visible_bounds_height": 0,
				"visible_bounds_offset": [0, 0, 0]
			},
			"bones": [
				{
					"name": "bb_main",
					"pivot": [0, 0, 0],
					"cubes": [
						{"origin": [-3, 0, -4], "size": [6, 8, 9], "uv": [27, 8]},
						{"origin": [-4, 0, -5], "size": [8, 1, 11], "uv": [0, 17]},
						{"origin": [-6, 8, -5], "size": [2, 5, 11], "uv": [0, 36]},
						{"origin": [-4, 8, 6], "size": [8, 5, 2], "uv": [48, 8]},
						{"origin": [-6, 14, -3], "size": [12, 7, 1], "uv": [34, 0]},
						{"origin": [-5, 21, -3], "size": [10, 2, 1], "uv": [42, 30]},
						{"origin": [-3, 23, -3], "size": [6, 2, 1], "uv": [15, 41]},
						{"origin": [-5, 8, -6], "size": [10, 6, 4], "uv": [26, 41]},
						{"origin": [-4, 6, 5], "size": [8, 5, 1], "uv": [25, 51]},
						{"origin": [-4, 6, -3], "size": [1, 5, 8], "uv": [49, 17]},
						{"origin": [3, 6, -3], "size": [1, 5, 8], "uv": [46, 43]},
						{"origin": [4, 8, -5], "size": [2, 5, 11], "uv": [27, 25]},
						{"origin": [-6, 12, -8], "size": [12, 12, 5], "uv": [0, 0]},
						{"origin": [-7, 24, -8], "size": [14, 2, 5], "uv": [0, 29]},
						{"origin": [-2.2, 25.5, -6], "size": [2, 1, 2], "uv": [0, 20]},
						{"origin": [0.2, 25.5, -6], "size": [2, 1, 2], "uv": [0, 17]}
					]
				},
				{
					"name": "bone",
					"pivot": [0, 13, -2]
				}
			]
		}
	]
}