{
  "format_version": "1.12.0",
  "minecraft:geometry": [
    {
      "description": {
        "identifier": "geometry.bzf_small_lamp_blue",
        "texture_width": 64,
        "texture_height": 64,
        "visible_bounds_width": 2,
        "visible_bounds_height": 2.5,
        "visible_bounds_offset": [
          0,
          0.75,
          0
        ]
      },
      "bones": [
        {
          "name": "bb_main",
          "pivot": [
            0,
            0,
            0
          ],
          "cubes": [
            {
              "origin": [
                -3.0,
                0.0,
                -3.0
              ],
              "size": [
                6.0,
                1.0,
                6.0
              ],
              "uv": [
                22,
                2
              ],
              "inflate": 0
            },
            {
              "origin": [
                -1.0,
                1.0,
                -1.0
              ],
              "size": [
                2.0,
                8.0,
                2.0
              ],
              "uv": [
                0,
                0
              ],
              "inflate": 0
            },
            {
              "origin": [
                -4.0,
                9.0,
                -4.0
              ],
              "size": [
                8.0,
                0.0,
                8.0
              ],
              "uv": [
                4,
                0
              ],
              "inflate": 0
            },
            {
              "origin": [
                -4.0,
                4.0,
                -5.0
              ],
              "size": [
                8.0,
                9.0,
                1.0
              ],
              "uv": [
                0,
                28
              ],
              "inflate": 0
            },
            {
              "origin": [
                -4.0,
                4.0,
                4.0
              ],
              "size": [
                8.0,
                9.0,
                1.0
              ],
              "uv": [
                24,
                9
              ],
              "inflate": 0
            },
            {
              "origin": [
                4.0,
                4.0,
                -5.0
              ],
              "size": [
                1.0,
                9.0,
                10.0
              ],
              "uv": [
                12,
                9
              ],
              "inflate": 0
            },
            {
              "origin": [
                -5.0,
                4.0,
                -5.0
              ],
              "size": [
                1.0,
                9.0,
                10.0
              ],
              "uv": [
                0,
                0
              ],
              "inflate": 0
            }
          ]
        }
      ]
    }
  ]
}