{
  "format_version": "1.12.0",
  "minecraft:geometry": [
    {
      "description": {
        "identifier": "geometry.bzf_cabinet1",
        "texture_width": 128,
        "texture_height": 128,
        "visible_bounds_width": 3,
        "visible_bounds_height": 3.5,
        "visible_bounds_offset": [
          0,
          1.25,
          0
        ]
      },
      "bones": [
        {
          "name": "bb_main",
          "pivot": [
            0,
            0,
            0
          ],
          "cubes": [
            {
              "origin": [
                15.0,
                0.0,
                -8.0
              ],
              "size": [
                1.0,
                32.0,
                16.0
              ],
              "uv": [
                0,
                63
              ],
              "inflate": 0
            },
            {
              "origin": [
                -15.0,
                0.0,
                -8.0
              ],
              "size": [
                30.0,
                32.0,
                1.0
              ],
              "uv": [
                0,
                30
              ],
              "inflate": 0
            },
            {
              "origin": [
                -15.0,
                0.0,
                -7.0
              ],
              "size": [
                30.0,
                1.0,
                13.0
              ],
              "uv": [
                0,
                16
              ],
              "inflate": 0
            },
            {
              "origin": [
                -15.0,
                31.0,
                -7.0
              ],
              "size": [
                30.0,
                1.0,
                15.0
              ],
              "uv": [
                0,
                0
              ],
              "inflate": 0
            },
            {
              "origin": [
                -16.0,
                0.0,
                -8.0
              ],
              "size": [
                1.0,
                32.0,
                16.0
              ],
              "uv": [
                46,
                47
              ],
              "inflate": 0
            },
            {
              "origin": [
                -15.0,
                23.0,
                -2.0
              ],
              "size": [
                30.0,
                2.0,
                2.0
              ],
              "uv": [
                62,
                30
              ],
              "inflate": 0
            }
          ]
        },
        {
          "name": "bone",
          "pivot": [
            15,
            15,
            7
          ],
          "cubes": [
            {
              "origin": [
                0.0,
                0.0,
                6.0
              ],
              "size": [
                15.0,
                31.0,
                1.0
              ],
              "uv": [
                80,
                66
              ],
              "inflate": 0
            },
            {
              "origin": [
                2.0,
                14.0,
                7.0
              ],
              "size": [
                1.0,
                4.0,
                1.0
              ],
              "uv": [
                0,
                0
              ],
              "inflate": 0
            }
          ]
        },
        {
          "name": "bone2",
          "pivot": [
            -15,
            16,
            7
          ],
          "cubes": [
            {
              "origin": [
                -15.0,
                0.0,
                6.0
              ],
              "size": [
                15.0,
                31.0,
                1.0
              ],
              "uv": [
                80,
                34
              ],
              "inflate": 0
            },
            {
              "origin": [
                -2.0,
                14.0,
                7.0
              ],
              "size": [
                1.0,
                4.0,
                1.0
              ],
              "uv": [
                4,
                0
              ],
              "inflate": 0
            }
          ]
        }
      ]
    }
  ]
}