{
	"format_version": "1.12.0",
	"minecraft:geometry": [
		{
			"description": {
				"identifier": "geometry.bzf_wallflatscreentvon",
				"texture_width": 64,
				"texture_height": 64,
				"visible_bounds_width": 3,
				"visible_bounds_height": 2.5,
				"visible_bounds_offset": [0, 0.75, 0]
			},
			"bones": [
				{
					"name": "bb_main2",
					"pivot": [0, 0, 0],
					"cubes": [
						{"origin": [-13, 1, 5.98], "size": [26, 15, 0], "uv": [0, 49]}
					]
				},
				{
					"name": "bb_main",
					"pivot": [0, 0, 0],
					"cubes": [
						{"origin": [-14, 0, 5], "size": [28, 17, 2], "uv": [0, 0]},
						{"origin": [6, 6, 7], "size": [2, 4, 1], "uv": [39, 28]},
						{"origin": [-8, 6, 7], "size": [2, 4, 1], "uv": [35, 27]},
						{"origin": [-6, 7, 7], "size": [12, 2, 1], "uv": [34, 30]}
					]
				}
			]
		}
	]
}