{
  "format_version": "1.12.0",
  "minecraft:geometry": [
    {
      "description": {
        "identifier": "geometry.bzf_cabinet2",
        "texture_width": 128,
        "texture_height": 128,
        "visible_bounds_width": 3,
        "visible_bounds_height": 4,
        "visible_bounds_offset": [
          0,
          1,
          0
        ]
      },
      "bones": [
        {
          "name": "bb_main",
          "pivot": [
            0,
            0,
            0
          ],
          "cubes": [
            {
              "origin": [
                -8.0,
                1.0,
                -8.0
              ],
              "size": [
                16.0,
                1.0,
                14.0
              ],
              "uv": [
                0,
                15
              ],
              "inflate": 0
            },
            {
              "origin": [
                -7.0,
                2.0,
                -8.0
              ],
              "size": [
                14.0,
                29.0,
                1.0
              ],
              "uv": [
                60,
                29
              ],
              "inflate": 0
            },
            {
              "origin": [
                -8.0,
                31.0,
                -8.0
              ],
              "size": [
                16.0,
                1.0,
                14.0
              ],
              "uv": [
                0,
                0
              ],
              "inflate": 0
            },
            {
              "origin": [
                -8.0,
                2.0,
                -8.0
              ],
              "size": [
                1.0,
                29.0,
                14.0
              ],
              "uv": [
                30,
                30
              ],
              "inflate": 0
            },
            {
              "origin": [
                7.0,
                2.0,
                -8.0
              ],
              "size": [
                1.0,
                29.0,
                14.0
              ],
              "uv": [
                0,
                30
              ],
              "inflate": 0
            },
            {
              "origin": [
                -7.0,
                24.0,
                -7.0
              ],
              "size": [
                14.0,
                1.0,
                13.0
              ],
              "uv": [
                46,
                15
              ],
              "inflate": 0
            },
            {
              "origin": [
                -7.0,
                15.0,
                -7.0
              ],
              "size": [
                14.0,
                1.0,
                13.0
              ],
              "uv": [
                46,
                0
              ],
              "inflate": 0
            },
            {
              "origin": [
                -7.0,
                2.0,
                5.0
              ],
              "size": [
                7.0,
                13.0,
                1.0
              ],
              "uv": [
                60,
                59
              ],
              "inflate": 0
            },
            {
              "origin": [
                0.0,
                2.0,
                5.0
              ],
              "size": [
                7.0,
                13.0,
                1.0
              ],
              "uv": [
                16,
                30
              ],
              "inflate": 0
            },
            {
              "origin": [
                6.0,
                0.0,
                4.0
              ],
              "size": [
                1.0,
                1.0,
                1.0
              ],
              "uv": [
                9,
                15
              ],
              "inflate": 0
            },
            {
              "origin": [
                1.0,
                7.0,
                6.0
              ],
              "size": [
                1.0,
                3.0,
                1.0
              ],
              "uv": [
                9,
                0
              ],
              "inflate": 0
            },
            {
              "origin": [
                -2.0,
                7.0,
                6.0
              ],
              "size": [
                1.0,
                3.0,
                1.0
              ],
              "uv": [
                0,
                0
              ],
              "inflate": 0
            },
            {
              "origin": [
                -7.0,
                0.0,
                4.0
              ],
              "size": [
                1.0,
                1.0,
                1.0
              ],
              "uv": [
                8,
                12
              ],
              "inflate": 0
            },
            {
              "origin": [
                -7.0,
                0.0,
                -7.0
              ],
              "size": [
                1.0,
                1.0,
                1.0
              ],
              "uv": [
                4,
                12
              ],
              "inflate": 0
            },
            {
              "origin": [
                6.0,
                0.0,
                -7.0
              ],
              "size": [
                1.0,
                1.0,
                1.0
              ],
              "uv": [
                0,
                12
              ],
              "inflate": 0
            },
            {
              "origin": [
                3.0,
                16.0,
                -4.0
              ],
              "size": [
                3.0,
                3.0,
                3.0
              ],
              "uv": [
                0,
                15
              ],
              "inflate": 0
            },
            {
              "origin": [
                2.0,
                25.0,
                -4.0
              ],
              "size": [
                4.0,
                4.0,
                4.0
              ],
              "pivot": [
                4.0,
                26.0,
                -1.0
              ],
              "rotation": [
                0.0,
                30.0,
                0.0
              ],
              "uv": [
                0,
                73
              ],
              "inflate": 0
            },
            {
              "origin": [
                -6.0,
                16.0,
                -4.0
              ],
              "size": [
                2.0,
                7.0,
                5.0
              ],
              "uv": [
                0,
                0
              ],
              "inflate": 0
            },
            {
              "origin": [
                -3.8,
                16.0,
                -6.0
              ],
              "size": [
                2.0,
                7.0,
                6.0
              ],
              "uv": [
                70,
                67
              ],
              "inflate": 0
            },
            {
              "origin": [
                4.5,
                19.0,
                -4.0
              ],
              "size": [
                0.0,
                4.0,
                3.0
              ],
              "uv": [
                0,
                18
              ],
              "inflate": 0
            },
            {
              "origin": [
                3.0,
                19.0,
                -2.5
              ],
              "size": [
                3.0,
                4.0,
                0.0
              ],
              "uv": [
                0,
                21
              ],
              "inflate": 0
            }
          ]
        }
      ]
    }
  ]
}