{
  "format_version": "1.12.0",
  "minecraft:geometry": [
    {
      "description": {
        "identifier": "geometry.bzf_small_lamp_black",
        "texture_width": 64,
        "texture_height": 64,
        "visible_bounds_width": 2,
        "visible_bounds_height": 2.5,
        "visible_bounds_offset": [
          0,
          0.75,
          0
        ]
      },
      "bones": [
        {
          "name": "bb_main",
          "pivot": [
            0,
            0,
            0
          ],
          "cubes": [
            {
              "origin": [
                -2.0,
                0.0,
                -2.0
              ],
              "size": [
                4.0,
                1.0,
                4.0
              ],
              "uv": [
                26,
                16
              ],
              "inflate": 0
            },
            {
              "origin": [
                -2.0,
                5.0,
                -2.0
              ],
              "size": [
                4.0,
                2.0,
                4.0
              ],
              "uv": [
                20,
                10
              ],
              "inflate": 0
            },
            {
              "origin": [
                -3.0,
                14.0,
                -3.0
              ],
              "size": [
                6.0,
                0.0,
                6.0
              ],
              "uv": [
                0,
                10
              ],
              "inflate": 0
            },
            {
              "origin": [
                -1.0,
                7.0,
                -1.0
              ],
              "size": [
                2.0,
                7.0,
                2.0
              ],
              "uv": [
                28,
                21
              ],
              "inflate": 0
            },
            {
              "origin": [
                -4.0,
                7.0,
                -3.0
              ],
              "size": [
                1.0,
                9.0,
                6.0
              ],
              "pivot": [
                -3.0,
                7.0,
                0.0
              ],
              "rotation": [
                0.0,
                0.0,
                5.0
              ],
              "uv": [
                0,
                19
              ],
              "inflate": 0
            },
            {
              "origin": [
                3.0,
                7.0,
                -3.0
              ],
              "size": [
                1.0,
                9.0,
                6.0
              ],
              "pivot": [
                3.0,
                7.0,
                0.0
              ],
              "rotation": [
                0.0,
                0.0,
                -5.0
              ],
              "uv": [
                12,
                10
              ],
              "inflate": 0
            },
            {
              "origin": [
                -3.0,
                7.0,
                3.0
              ],
              "size": [
                6.0,
                9.0,
                1.0
              ],
              "pivot": [
                0.0,
                7.0,
                3.0
              ],
              "rotation": [
                5.0,
                0.0,
                0.0
              ],
              "uv": [
                14,
                25
              ],
              "inflate": 0
            },
            {
              "origin": [
                -3.0,
                7.0,
                -4.0
              ],
              "size": [
                6.0,
                9.0,
                1.0
              ],
              "pivot": [
                0.0,
                7.0,
                -3.0
              ],
              "rotation": [
                -5.0,
                0.0,
                0.0
              ],
              "uv": [
                24,
                0
              ],
              "inflate": 0
            },
            {
              "origin": [
                -3.0,
                1.0,
                -3.0
              ],
              "size": [
                6.0,
                4.0,
                6.0
              ],
              "uv": [
                0,
                0
              ],
              "inflate": 0
            }
          ]
        }
      ]
    }
  ]
}