{
  "format_version": "1.12.0",
  "minecraft:geometry": [
    {
      "description": {
        "identifier": "geometry.bzf_graycoffeetable",
        "texture_width": 128,
        "texture_height": 128,
        "visible_bounds_width": 4,
        "visible_bounds_height": 2.5,
        "visible_bounds_offset": [
          0,
          0.75,
          0
        ]
      },
      "bones": [
        {
          "name": "bb_main",
          "pivot": [
            0,
            0,
            0
          ],
          "cubes": [
            {
              "origin": [
                -7.0,
                0.0,
                11.0
              ],
              "size": [
                1.0,
                15.0,
                1.0
              ],
              "uv": [
                12,
                0
              ],
              "inflate": 0
            },
            {
              "origin": [
                -7.0,
                0.0,
                -11.0
              ],
              "size": [
                1.0,
                15.0,
                1.0
              ],
              "uv": [
                8,
                0
              ],
              "inflate": 0
            },
            {
              "origin": [
                -6.0,
                10.0,
                11.0
              ],
              "size": [
                12.0,
                1.0,
                1.0
              ],
              "uv": [
                26,
                48
              ],
              "inflate": 0
            },
            {
              "origin": [
                -6.0,
                10.0,
                -11.0
              ],
              "size": [
                12.0,
                1.0,
                1.0
              ],
              "uv": [
                0,
                48
              ],
              "inflate": 0
            },
            {
              "origin": [
                6.0,
                0.0,
                -11.0
              ],
              "size": [
                1.0,
                15.0,
                1.0
              ],
              "uv": [
                4,
                0
              ],
              "inflate": 0
            },
            {
              "origin": [
                6.0,
                0.0,
                11.0
              ],
              "size": [
                1.0,
                15.0,
                1.0
              ],
              "uv": [
                0,
                0
              ],
              "inflate": 0
            },
            {
              "origin": [
                -8.0,
                15.0,
                -12.0
              ],
              "size": [
                16.0,
                1.0,
                25.0
              ],
              "uv": [
                0,
                0
              ],
              "inflate": 0
            },
            {
              "origin": [
                -7.0,
                3.0,
                -10.0
              ],
              "size": [
                14.0,
                1.0,
                21.0
              ],
              "uv": [
                0,
                26
              ],
              "inflate": 0
            }
          ]
        }
      ]
    }
  ]
}