{
  "format_version": "1.12.0",
  "minecraft:geometry": [
    {
      "description": {
        "identifier": "geometry.bzf_whitemodernlamp",
        "texture_width": 128,
        "texture_height": 128,
        "visible_bounds_width": 2,
        "visible_bounds_height": 3.5,
        "visible_bounds_offset": [
          0,
          1.25,
          0
        ]
      },
      "bones": [
        {
          "name": "bb_main",
          "pivot": [
            0,
            0,
            0
          ],
          "cubes": [
            {
              "origin": [
                -1.0,
                1.0,
                -1.0
              ],
              "size": [
                2.0,
                28.0,
                2.0
              ],
              "uv": [
                0,
                34
              ],
              "inflate": 0
            },
            {
              "origin": [
                -3.0,
                0.0,
                -3.0
              ],
              "size": [
                6.0,
                1.0,
                6.0
              ],
              "uv": [
                45,
                23
              ],
              "inflate": 0
            },
            {
              "origin": [
                -4.0,
                3.0,
                3.0
              ],
              "size": [
                8.0,
                28.0,
                1.0
              ],
              "uv": [
                28,
                29
              ],
              "inflate": 0
            },
            {
              "origin": [
                -4.0,
                3.0,
                -4.0
              ],
              "size": [
                8.0,
                28.0,
                1.0
              ],
              "uv": [
                28,
                0
              ],
              "inflate": 0
            },
            {
              "origin": [
                3.0,
                3.0,
                -3.0
              ],
              "size": [
                1.0,
                28.0,
                6.0
              ],
              "uv": [
                14,
                0
              ],
              "inflate": 0
            },
            {
              "origin": [
                -4.0,
                3.0,
                -3.0
              ],
              "size": [
                1.0,
                28.0,
                6.0
              ],
              "uv": [
                0,
                0
              ],
              "inflate": 0
            },
            {
              "origin": [
                -3.0,
                29.0,
                -3.0
              ],
              "size": [
                6.0,
                0.0,
                6.0
              ],
              "uv": [
                2,
                0
              ],
              "inflate": 0
            }
          ]
        }
      ]
    }
  ]
}