{
  "format_version": "1.12.0",
  "minecraft:geometry": [
    {
      "description": {
        "identifier": "geometry.bzf_woodensmalltable",
        "texture_width": 64,
        "texture_height": 64,
        "visible_bounds_width": 3,
        "visible_bounds_height": 2.5,
        "visible_bounds_offset": [
          0,
          0.75,
          0
        ]
      },
      "bones": [
        {
          "name": "bb_main",
          "pivot": [
            0,
            0,
            0
          ],
          "cubes": [
            {
              "origin": [
                -1.0,
                2.0,
                -1.0
              ],
              "size": [
                2.0,
                13.0,
                2.0
              ],
              "uv": [
                0,
                26
              ],
              "inflate": 0
            },
            {
              "origin": [
                -7.0,
                15.0,
                -5.0
              ],
              "size": [
                14.0,
                1.0,
                10.0
              ],
              "uv": [
                0,
                15
              ],
              "inflate": 0
            },
            {
              "origin": [
                -5.0,
                15.0,
                -7.0
              ],
              "size": [
                10.0,
                1.0,
                14.0
              ],
              "uv": [
                0,
                0
              ],
              "inflate": 0
            },
            {
              "origin": [
                -8.0,
                15.0,
                5.0
              ],
              "size": [
                3.0,
                1.0,
                2.0
              ],
              "pivot": [
                -5.0,
                16.0,
                7.0
              ],
              "rotation": [
                0.0,
                -45.0,
                0.0
              ],
              "uv": [
                0,
                11
              ],
              "inflate": 0
            },
            {
              "origin": [
                4.0,
                15.0,
                -5.02944
              ],
              "size": [
                3.0,
                1.0,
                2.0
              ],
              "pivot": [
                7.0,
                16.0,
                -5.0
              ],
              "rotation": [
                0.0,
                -45.0,
                0.0
              ],
              "uv": [
                0,
                8
              ],
              "inflate": 0
            },
            {
              "origin": [
                -5.02944,
                15.0,
                -7.0
              ],
              "size": [
                2.0,
                1.0,
                3.0
              ],
              "pivot": [
                -5.0,
                16.0,
                -7.0
              ],
              "rotation": [
                0.0,
                -45.0,
                0.0
              ],
              "uv": [
                0,
                4
              ],
              "inflate": 0
            },
            {
              "origin": [
                5.0,
                15.0,
                5.0
              ],
              "size": [
                2.0,
                1.0,
                3.0
              ],
              "pivot": [
                7.0,
                16.0,
                5.0
              ],
              "rotation": [
                0.0,
                -45.0,
                0.0
              ],
              "uv": [
                0,
                0
              ],
              "inflate": 0
            },
            {
              "origin": [
                -1.0,
                0.0,
                2.0
              ],
              "size": [
                2.0,
                3.0,
                1.0
              ],
              "pivot": [
                0.0,
                0.0,
                3.0
              ],
              "rotation": [
                40.0,
                0.0,
                0.0
              ],
              "uv": [
                8,
                26
              ],
              "inflate": 0
            },
            {
              "origin": [
                -1.0,
                0.0,
                -3.0
              ],
              "size": [
                2.0,
                3.0,
                1.0
              ],
              "pivot": [
                0.0,
                0.0,
                -3.0
              ],
              "rotation": [
                -40.0,
                0.0,
                0.0
              ],
              "uv": [
                0,
                20
              ],
              "inflate": 0
            },
            {
              "origin": [
                -3.0,
                0.0,
                -1.0
              ],
              "size": [
                1.0,
                3.0,
                2.0
              ],
              "pivot": [
                -3.0,
                0.0,
                -1.0
              ],
              "rotation": [
                0.0,
                0.0,
                40.0
              ],
              "uv": [
                0,
                15
              ],
              "inflate": 0
            },
            {
              "origin": [
                2.0,
                0.0,
                -1.0
              ],
              "size": [
                1.0,
                3.0,
                2.0
              ],
              "pivot": [
                3.0,
                0.0,
                0.0
              ],
              "rotation": [
                0.0,
                0.0,
                -40.0
              ],
              "uv": [
                8,
                2
              ],
              "inflate": 0
            }
          ]
        }
      ]
    }
  ]
}