{
  "format_version": "1.12.0",
  "minecraft:geometry": [
    {
      "description": {
        "identifier": "geometry.bzf_whitesink",
        "texture_width": 64,
        "texture_height": 64,
        "visible_bounds_width": 2,
        "visible_bounds_height": 2.5,
        "visible_bounds_offset": [
          0,
          0.75,
          0
        ]
      },
      "bones": [
        {
          "name": "bb_main",
          "pivot": [
            0,
            0,
            0
          ],
          "cubes": [
            {
              "origin": [
                -3.0,
                0.0,
                -8.0
              ],
              "size": [
                6.0,
                12.0,
                6.0
              ],
              "pivot": [
                0.0,
                0.0,
                0.0
              ],
              "rotation": [
                -7.5,
                0.0,
                0.0
              ],
              "uv": [
                0,
                19
              ],
              "inflate": 0
            },
            {
              "origin": [
                -6.0,
                13.0,
                -8.0
              ],
              "size": [
                1.0,
                5.0,
                10.0
              ],
              "uv": [
                24,
                26
              ],
              "inflate": 0
            },
            {
              "origin": [
                -5.0,
                13.0,
                -8.0
              ],
              "size": [
                10.0,
                5.0,
                2.0
              ],
              "uv": [
                34,
                0
              ],
              "inflate": 0
            },
            {
              "origin": [
                -1.0,
                18.0,
                -7.0
              ],
              "size": [
                2.0,
                2.0,
                1.0
              ],
              "uv": [
                0,
                4
              ],
              "inflate": 0
            },
            {
              "origin": [
                -1.0,
                20.0,
                -7.0
              ],
              "size": [
                2.0,
                1.0,
                3.0
              ],
              "uv": [
                0,
                0
              ],
              "inflate": 0
            },
            {
              "origin": [
                -5.0,
                13.0,
                1.0
              ],
              "size": [
                10.0,
                5.0,
                1.0
              ],
              "uv": [
                36,
                11
              ],
              "inflate": 0
            },
            {
              "origin": [
                -6.0,
                12.0,
                -8.0
              ],
              "size": [
                12.0,
                1.0,
                10.0
              ],
              "uv": [
                0,
                0
              ],
              "inflate": 0
            },
            {
              "origin": [
                -5.0,
                0.0,
                -8.0
              ],
              "size": [
                10.0,
                1.0,
                7.0
              ],
              "uv": [
                0,
                11
              ],
              "inflate": 0
            },
            {
              "origin": [
                -3.0,
                1.0,
                -8.0
              ],
              "size": [
                6.0,
                11.0,
                2.0
              ],
              "uv": [
                0,
                37
              ],
              "inflate": 0
            },
            {
              "origin": [
                5.0,
                13.0,
                -8.0
              ],
              "size": [
                1.0,
                5.0,
                10.0
              ],
              "uv": [
                24,
                11
              ],
              "inflate": 0
            }
          ]
        }
      ]
    }
  ]
}