{
  "format_version": "1.12.0",
  "minecraft:geometry": [
    {
      "description": {
        "identifier": "geometry.bzf_whitedinningchair",
        "texture_width": 64,
        "texture_height": 64,
        "visible_bounds_width": 2,
        "visible_bounds_height": 3.5,
        "visible_bounds_offset": [
          0,
          1.25,
          0
        ]
      },
      "bones": [
        {
          "name": "bb_main",
          "pivot": [
            0,
            0,
            0
          ],
          "cubes": [
            {
              "origin": [
                -5.0,
                0.0,
                -6.0
              ],
              "size": [
                10.0,
                1.0,
                1.0
              ],
              "uv": [
                35,
                29
              ],
              "inflate": 0
            },
            {
              "origin": [
                -6.0,
                9.0,
                -6.0
              ],
              "size": [
                12.0,
                1.0,
                1.0
              ],
              "uv": [
                35,
                27
              ],
              "inflate": 0
            },
            {
              "origin": [
                -6.0,
                0.0,
                -6.0
              ],
              "size": [
                1.0,
                1.0,
                11.0
              ],
              "uv": [
                26,
                14
              ],
              "inflate": 0
            },
            {
              "origin": [
                -6.0,
                9.0,
                -5.0
              ],
              "size": [
                1.0,
                1.0,
                11.0
              ],
              "uv": [
                0,
                26
              ],
              "inflate": 0
            },
            {
              "origin": [
                5.0,
                11.0,
                -5.0
              ],
              "size": [
                1.0,
                14.0,
                1.0
              ],
              "uv": [
                4,
                38
              ],
              "inflate": 0
            },
            {
              "origin": [
                -6.0,
                11.0,
                -5.0
              ],
              "size": [
                1.0,
                14.0,
                1.0
              ],
              "uv": [
                0,
                38
              ],
              "inflate": 0
            },
            {
              "origin": [
                -5.0,
                19.0,
                -5.0
              ],
              "size": [
                10.0,
                5.0,
                1.0
              ],
              "uv": [
                24,
                33
              ],
              "inflate": 0
            },
            {
              "origin": [
                -5.0,
                12.0,
                -5.0
              ],
              "size": [
                10.0,
                5.0,
                1.0
              ],
              "uv": [
                13,
                27
              ],
              "inflate": 0
            },
            {
              "origin": [
                5.0,
                0.0,
                -6.0
              ],
              "size": [
                1.0,
                1.0,
                11.0
              ],
              "uv": [
                0,
                14
              ],
              "inflate": 0
            },
            {
              "origin": [
                5.0,
                9.0,
                -5.0
              ],
              "size": [
                1.0,
                1.0,
                11.0
              ],
              "uv": [
                13,
                15
              ],
              "inflate": 0
            },
            {
              "origin": [
                -6.0,
                0.0,
                5.0
              ],
              "size": [
                1.0,
                9.0,
                1.0
              ],
              "uv": [
                4,
                0
              ],
              "inflate": 0
            },
            {
              "origin": [
                -7.0,
                10.0,
                -6.0
              ],
              "size": [
                14.0,
                1.0,
                13.0
              ],
              "uv": [
                0,
                0
              ],
              "inflate": 0
            },
            {
              "origin": [
                5.0,
                0.0,
                5.0
              ],
              "size": [
                1.0,
                9.0,
                1.0
              ],
              "uv": [
                0,
                0
              ],
              "inflate": 0
            }
          ]
        }
      ]
    }
  ]
}