{
  "format_version": "1.12.0",
  "minecraft:geometry": [
    {
      "description": {
        "identifier": "geometry.bzf_modernchair",
        "texture_width": 128,
        "texture_height": 128,
        "visible_bounds_width": 3,
        "visible_bounds_height": 3,
        "visible_bounds_offset": [
          0,
          0.5,
          0
        ]
      },
      "bones": [
        {
          "name": "bb_main",
          "pivot": [
            0,
            0,
            0
          ],
          "cubes": [
            {
              "origin": [
                6.0,
                1.0,
                -7.0
              ],
              "size": [
                1.0,
                18.0,
                1.0
              ],
              "uv": [
                29,
                45
              ],
              "inflate": 0
            },
            {
              "origin": [
                6.0,
                1.0,
                6.0
              ],
              "size": [
                1.0,
                11.0,
                1.0
              ],
              "pivot": [
                6.0,
                1.0,
                7.0
              ],
              "rotation": [
                7.5,
                0.0,
                0.0
              ],
              "uv": [
                4,
                0
              ],
              "inflate": 0
            },
            {
              "origin": [
                -7.0,
                1.0,
                6.0
              ],
              "size": [
                1.0,
                11.0,
                1.0
              ],
              "pivot": [
                6.0,
                1.0,
                7.0
              ],
              "rotation": [
                7.5,
                0.0,
                0.0
              ],
              "uv": [
                0,
                0
              ],
              "inflate": 0
            },
            {
              "origin": [
                6.0,
                0.0,
                -7.0
              ],
              "size": [
                1.0,
                1.0,
                14.0
              ],
              "uv": [
                0,
                31
              ],
              "inflate": 0
            },
            {
              "origin": [
                6.0,
                3.0,
                -6.0
              ],
              "size": [
                1.0,
                1.0,
                12.0
              ],
              "uv": [
                32,
                16
              ],
              "inflate": 0
            },
            {
              "origin": [
                -7.0,
                3.0,
                -6.0
              ],
              "size": [
                1.0,
                1.0,
                12.0
              ],
              "uv": [
                16,
                32
              ],
              "inflate": 0
            },
            {
              "origin": [
                6.0,
                11.0,
                -6.0
              ],
              "size": [
                1.0,
                1.0,
                11.0
              ],
              "uv": [
                37,
                0
              ],
              "inflate": 0
            },
            {
              "origin": [
                -7.0,
                0.0,
                -7.0
              ],
              "size": [
                1.0,
                1.0,
                14.0
              ],
              "uv": [
                16,
                17
              ],
              "inflate": 0
            },
            {
              "origin": [
                -6.0,
                3.0,
                -6.0
              ],
              "size": [
                12.0,
                1.0,
                1.0
              ],
              "uv": [
                43,
                40
              ],
              "inflate": 0
            },
            {
              "origin": [
                -6.0,
                3.0,
                -1.0
              ],
              "size": [
                12.0,
                1.0,
                1.0
              ],
              "uv": [
                43,
                34
              ],
              "inflate": 0
            },
            {
              "origin": [
                -6.0,
                3.0,
                5.0
              ],
              "size": [
                12.0,
                1.0,
                1.0
              ],
              "uv": [
                43,
                36
              ],
              "inflate": 0
            },
            {
              "origin": [
                -6.0,
                18.0,
                -7.0
              ],
              "size": [
                12.0,
                1.0,
                1.0
              ],
              "uv": [
                43,
                38
              ],
              "inflate": 0
            },
            {
              "origin": [
                -6.0,
                13.0,
                -7.0
              ],
              "size": [
                12.0,
                1.0,
                1.0
              ],
              "uv": [
                43,
                32
              ],
              "inflate": 0
            },
            {
              "origin": [
                -6.0,
                8.0,
                -7.0
              ],
              "size": [
                12.0,
                1.0,
                1.0
              ],
              "uv": [
                32,
                29
              ],
              "inflate": 0
            },
            {
              "origin": [
                -7.0,
                11.0,
                -6.0
              ],
              "size": [
                1.0,
                1.0,
                11.0
              ],
              "uv": [
                30,
                32
              ],
              "inflate": 0
            },
            {
              "origin": [
                -7.0,
                1.0,
                -7.0
              ],
              "size": [
                1.0,
                18.0,
                1.0
              ],
              "uv": [
                41,
                44
              ],
              "inflate": 0
            },
            {
              "origin": [
                -6.0,
                4.0,
                -6.0
              ],
              "size": [
                12.0,
                3.0,
                13.0
              ],
              "uv": [
                0,
                0
              ],
              "inflate": 0
            },
            {
              "origin": [
                -6.0,
                7.0,
                -6.0
              ],
              "size": [
                12.0,
                12.0,
                3.0
              ],
              "uv": [
                0,
                16
              ],
              "inflate": 0
            }
          ]
        }
      ]
    }
  ]
}