{
	"format_version": "1.12.0",
	"minecraft:geometry": [
		{
			"description": {
				"identifier": "geometry.bzf_bedbarcover2",
				"texture_width": 128,
				"texture_height": 128,
				"visible_bounds_width": 3,
				"visible_bounds_height": 2,
				"visible_bounds_offset": [0, 0, 0]
			},
			"bones": [
				{
					"name": "bb_main",
					"pivot": [0, 0, 0],
					"cubes": [
						{"origin": [-15, -8, -23.5], "size": [1, 16, 31.5], "pivot": [0, 0, -0.5], "rotation": [0, 0, -90], "uv": [0, 0]},
						{"origin": [-8, -15, -24.5], "size": [16, 4, 1], "uv": [33, 51]},
						{"origin": [-6, -7, -22], "size": [12, 1, 6], "uv": [33, 0]},
						{"origin": [8, -16, 8], "size": [1, 14, 1], "uv": [12, 0]},
						{"origin": [8, -16, -24.5], "size": [1, 14, 1], "uv": [8, 0]},
						{"origin": [-9, -16, 8], "size": [1, 14, 1], "uv": [4, 0]},
						{"origin": [-9, -16, -24.5], "size": [1, 14, 1], "uv": [0, 0]},
						{"origin": [5, -11, 8], "size": [1, 7, 1], "uv": [20, 0]},
						{"origin": [5, -11, -24.5], "size": [1, 7, 1], "uv": [16, 16]},
						{"origin": [2, -11, 8], "size": [1, 7, 1], "uv": [16, 8]},
						{"origin": [2, -11, -24.5], "size": [1, 7, 1], "uv": [16, 0]},
						{"origin": [-3, -11, 8], "size": [1, 7, 1], "uv": [12, 15]},
						{"origin": [-3, -11, -24.5], "size": [1, 7, 1], "uv": [8, 15]},
						{"origin": [-6, -11, 8], "size": [1, 7, 1], "uv": [4, 15]},
						{"origin": [-6, -11, -24.5], "size": [1, 7, 1], "uv": [0, 15]},
						{"origin": [-8, -15, 8], "size": [16, 4, 1], "uv": [33, 7]},
						{"origin": [-8, -4, 8], "size": [16, 1, 1], "uv": [33, 14]},
						{"origin": [-8, -4, -24.5], "size": [16, 1, 1], "uv": [33, 12]},
						{"origin": [-9, -15, -23.5], "size": [1, 4, 31.5], "uv": [0, 47]},
						{"origin": [8, -15, -23.5], "size": [1, 4, 31.5], "uv": [33, 16]}
					]
				}
			]
		}
	]
}