{
	"format_version": "1.12.0",
	"minecraft:geometry": [
		{
			"description": {
				"identifier": "geometry.bzf_flatscreentvon",
				"texture_width": 64,
				"texture_height": 64,
				"visible_bounds_width": 3,
				"visible_bounds_height": 2.5,
				"visible_bounds_offset": [0, 0.75, 0]
			},
			"bones": [
				{
					"name": "bb_main",
					"pivot": [0, 0, 0],
					"cubes": [
						{"origin": [-14, 2, -1], "size": [28, 17, 2], "uv": [0, 0]},
						{"origin": [-11, -1, -1.73205], "size": [1, 3, 1], "pivot": [0, 0, 0], "rotation": [-30, 0, 0], "uv": [2, 46]},
						{"origin": [10, -1, -1.73205], "size": [1, 3, 1], "pivot": [0, 0, 0], "rotation": [-30, 0, 0], "uv": [2, 46]},
						{"origin": [-11, -1.0746, 0.68678], "size": [1, 3, 1], "pivot": [0, 0, 0], "rotation": [32.5, 0, 0], "uv": [2, 45]},
						{"origin": [10, -1.0746, 0.68678], "size": [1, 3, 1], "pivot": [0, 0, 0], "rotation": [32.5, 0, 0], "uv": [2, 48]},
						{"origin": [-13, 3, -0.04], "size": [26, 15, 0], "uv": [12, 49]}
					]
				}
			]
		}
	]
}