{
  "format_version": "1.12.0",
  "minecraft:geometry": [
    {
      "description": {
        "identifier": "geometry.bzf_cupboard2",
        "texture_width": 128,
        "texture_height": 128,
        "visible_bounds_width": 2,
        "visible_bounds_height": 2.5,
        "visible_bounds_offset": [
          0,
          0.75,
          0
        ]
      },
      "bones": [
        {
          "name": "bb_main",
          "pivot": [
            0,
            0,
            0
          ],
          "cubes": [
            {
              "origin": [
                -8.0,
                0.0,
                -8.0
              ],
              "size": [
                16.0,
                1.0,
                8.0
              ],
              "uv": [
                0,
                9
              ],
              "inflate": 0
            },
            {
              "origin": [
                -7.0,
                7.0,
                -7.0
              ],
              "size": [
                14.0,
                1.0,
                6.0
              ],
              "uv": [
                28,
                27
              ],
              "inflate": 0
            },
            {
              "origin": [
                -8.0,
                15.0,
                -8.0
              ],
              "size": [
                16.0,
                1.0,
                8.0
              ],
              "uv": [
                0,
                0
              ],
              "inflate": 0
            },
            {
              "origin": [
                7.0,
                1.0,
                -7.0
              ],
              "size": [
                1.0,
                14.0,
                7.0
              ],
              "uv": [
                16,
                33
              ],
              "inflate": 0
            },
            {
              "origin": [
                -8.0,
                1.0,
                -7.0
              ],
              "size": [
                1.0,
                14.0,
                7.0
              ],
              "uv": [
                0,
                33
              ],
              "inflate": 0
            },
            {
              "origin": [
                -8.0,
                1.0,
                -8.0
              ],
              "size": [
                16.0,
                14.0,
                1.0
              ],
              "uv": [
                0,
                18
              ],
              "inflate": 0
            }
          ]
        },
        {
          "name": "Door1",
          "pivot": [
            7,
            8,
            0
          ],
          "cubes": [
            {
              "origin": [
                0.0,
                1.0,
                -1.0
              ],
              "size": [
                7.0,
                14.0,
                1.0
              ],
              "uv": [
                48,
                0
              ],
              "inflate": 0
            },
            {
              "origin": [
                1.0,
                6.0,
                0.0
              ],
              "size": [
                1.0,
                4.0,
                1.0
              ],
              "uv": [
                0,
                0
              ],
              "inflate": 0
            }
          ]
        },
        {
          "name": "Door2",
          "pivot": [
            -7,
            8,
            0
          ],
          "cubes": [
            {
              "origin": [
                -7.0,
                1.0,
                -1.0
              ],
              "size": [
                7.0,
                14.0,
                1.0
              ],
              "uv": [
                32,
                34
              ],
              "inflate": 0
            },
            {
              "origin": [
                -2.0,
                6.0,
                0.0
              ],
              "size": [
                1.0,
                4.0,
                1.0
              ],
              "uv": [
                4,
                0
              ],
              "inflate": 0
            }
          ]
        }
      ]
    }
  ]
}