{
  "format_version": "1.12.0",
  "minecraft:geometry": [
    {
      "description": {
        "identifier": "geometry.bzf_moderncouch",
        "texture_width": 128,
        "texture_height": 128,
        "visible_bounds_width": 6,
        "visible_bounds_height": 4,
        "visible_bounds_offset": [
          0,
          1,
          0
        ]
      },
      "bones": [
        {
          "name": "bb_main",
          "pivot": [
            0,
            0,
            0
          ],
          "cubes": [
            {
              "origin": [
                22.0,
                1.0,
                -7.0
              ],
              "size": [
                1.0,
                18.0,
                1.0
              ],
              "uv": [
                30,
                67
              ],
              "inflate": 0
            },
            {
              "origin": [
                22.0,
                1.0,
                6.0
              ],
              "size": [
                1.0,
                11.0,
                1.0
              ],
              "pivot": [
                6.0,
                1.0,
                7.0
              ],
              "rotation": [
                7.5,
                0.0,
                0.0
              ],
              "uv": [
                5,
                0
              ],
              "inflate": 0
            },
            {
              "origin": [
                -23.0,
                1.0,
                6.0
              ],
              "size": [
                1.0,
                11.0,
                1.0
              ],
              "pivot": [
                6.0,
                1.0,
                7.0
              ],
              "rotation": [
                7.5,
                0.0,
                0.0
              ],
              "uv": [
                0,
                0
              ],
              "inflate": 0
            },
            {
              "origin": [
                22.0,
                0.0,
                -7.0
              ],
              "size": [
                1.0,
                1.0,
                14.0
              ],
              "uv": [
                31,
                51
              ],
              "inflate": 0
            },
            {
              "origin": [
                22.0,
                3.0,
                -6.0
              ],
              "size": [
                1.0,
                1.0,
                12.0
              ],
              "uv": [
                48,
                51
              ],
              "inflate": 0
            },
            {
              "origin": [
                -23.0,
                3.0,
                -6.0
              ],
              "size": [
                1.0,
                1.0,
                12.0
              ],
              "uv": [
                17,
                51
              ],
              "inflate": 0
            },
            {
              "origin": [
                22.0,
                11.0,
                -6.0
              ],
              "size": [
                1.0,
                1.0,
                11.0
              ],
              "uv": [
                0,
                67
              ],
              "inflate": 0
            },
            {
              "origin": [
                -23.0,
                0.0,
                -7.0
              ],
              "size": [
                1.0,
                1.0,
                14.0
              ],
              "uv": [
                0,
                51
              ],
              "inflate": 0
            },
            {
              "origin": [
                -22.0,
                3.0,
                -6.0
              ],
              "size": [
                44.0,
                1.0,
                1.0
              ],
              "uv": [
                0,
                48
              ],
              "inflate": 0
            },
            {
              "origin": [
                -22.0,
                3.0,
                -1.0
              ],
              "size": [
                44.0,
                1.0,
                1.0
              ],
              "uv": [
                0,
                39
              ],
              "inflate": 0
            },
            {
              "origin": [
                -22.0,
                3.0,
                5.0
              ],
              "size": [
                44.0,
                1.0,
                1.0
              ],
              "uv": [
                0,
                42
              ],
              "inflate": 0
            },
            {
              "origin": [
                -22.0,
                18.0,
                -7.0
              ],
              "size": [
                44.0,
                1.0,
                1.0
              ],
              "uv": [
                0,
                45
              ],
              "inflate": 0
            },
            {
              "origin": [
                -22.0,
                13.0,
                -7.0
              ],
              "size": [
                44.0,
                1.0,
                1.0
              ],
              "uv": [
                0,
                36
              ],
              "inflate": 0
            },
            {
              "origin": [
                -22.0,
                8.0,
                -7.0
              ],
              "size": [
                44.0,
                1.0,
                1.0
              ],
              "uv": [
                0,
                33
              ],
              "inflate": 0
            },
            {
              "origin": [
                -23.0,
                11.0,
                -6.0
              ],
              "size": [
                1.0,
                1.0,
                11.0
              ],
              "uv": [
                64,
                54
              ],
              "inflate": 0
            },
            {
              "origin": [
                -23.0,
                1.0,
                -7.0
              ],
              "size": [
                1.0,
                18.0,
                1.0
              ],
              "uv": [
                25,
                67
              ],
              "inflate": 0
            },
            {
              "origin": [
                -22.0,
                4.0,
                -6.0
              ],
              "size": [
                44.0,
                3.0,
                13.0
              ],
              "uv": [
                0,
                0
              ],
              "inflate": 0
            },
            {
              "origin": [
                -22.0,
                7.0,
                -6.0
              ],
              "size": [
                44.0,
                12.0,
                3.0
              ],
              "uv": [
                0,
                17
              ],
              "inflate": 0
            }
          ]
        }
      ]
    }
  ]
}