{
  "format_version": "1.12.0",
  "minecraft:geometry": [
    {
      "description": {
        "identifier": "geometry.bzf_darkoakshelf",
        "texture_width": 64,
        "texture_height": 64,
        "visible_bounds_width": 2,
        "visible_bounds_height": 2.5,
        "visible_bounds_offset": [
          0,
          0.75,
          0
        ]
      },
      "bones": [
        {
          "name": "bb_main",
          "pivot": [
            0,
            0,
            0
          ],
          "cubes": [
            {
              "origin": [
                -7.0,
                15.0,
                -8.0
              ],
              "size": [
                14.0,
                1.0,
                8.0
              ],
              "uv": [
                0,
                0
              ],
              "inflate": 0
            },
            {
              "origin": [
                5.0,
                9.0,
                -8.0
              ],
              "size": [
                1.0,
                1.0,
                10.0
              ],
              "pivot": [
                6.0,
                9.0,
                -8.0
              ],
              "rotation": [
                37.5,
                0.0,
                0.0
              ],
              "uv": [
                12,
                10
              ],
              "inflate": 0
            },
            {
              "origin": [
                -6.0,
                9.0,
                -8.0
              ],
              "size": [
                1.0,
                1.0,
                10.0
              ],
              "pivot": [
                6.0,
                9.0,
                -8.0
              ],
              "rotation": [
                37.5,
                0.0,
                0.0
              ],
              "uv": [
                0,
                9
              ],
              "inflate": 0
            }
          ]
        }
      ]
    }
  ]
}