{
  "format_version": "1.12.0",
  "minecraft:geometry": [
    {
      "description": {
        "identifier": "geometry.bzf_bedcover1",
        "texture_width": 128,
        "texture_height": 128,
        "visible_bounds_width": 3,
        "visible_bounds_height": 2,
        "visible_bounds_offset": [
          0,
          0,
          0
        ]
      },
      "bones": [
        {
          "name": "bb_main",
          "pivot": [
            0,
            0,
            0
          ],
          "cubes": [
            {
              "origin": [
                -15.0,
                -8.0,
                -23.0
              ],
              "size": [
                1.0,
                16.0,
                31.0
              ],
              "pivot": [
                0.0,
                0.0,
                0.0
              ],
              "rotation": [
                0.0,
                0.0,
                -90.0
              ],
              "uv": [
                0,
                0
              ],
              "inflate": 0
            },
            {
              "origin": [
                -9.0,
                -16.0,
                -25.0
              ],
              "size": [
                18.0,
                13.0,
                2.0
              ],
              "uv": [
                33,
                0
              ],
              "inflate": 0
            },
            {
              "origin": [
                -6.0,
                -7.0,
                -22.0
              ],
              "size": [
                12.0,
                1.0,
                6.0
              ],
              "uv": [
                33,
                58
              ],
              "inflate": 0
            },
            {
              "origin": [
                -9.0,
                -16.0,
                8.0
              ],
              "size": [
                18.0,
                5.0,
                1.0
              ],
              "uv": [
                33,
                52
              ],
              "inflate": 0
            },
            {
              "origin": [
                8.0,
                -16.0,
                -23.0
              ],
              "size": [
                1.0,
                5.0,
                31.0
              ],
              "uv": [
                0,
                47
              ],
              "inflate": 0
            },
            {
              "origin": [
                -9.0,
                -16.0,
                -23.0
              ],
              "size": [
                1.0,
                5.0,
                31.0
              ],
              "uv": [
                33,
                16
              ],
              "inflate": 0
            }
          ]
        }
      ]
    }
  ]
}