{
  "format_version": "1.12.0",
  "minecraft:geometry": [
    {
      "description": {
        "identifier": "geometry.bzf_graydrawer",
        "texture_width": 128,
        "texture_height": 128,
        "visible_bounds_width": 3,
        "visible_bounds_height": 3,
        "visible_bounds_offset": [
          0,
          0.5,
          0
        ]
      },
      "bones": [
        {
          "name": "bb_main",
          "pivot": [
            0,
            0,
            0
          ],
          "cubes": [
            {
              "origin": [
                -8.0,
                0.0,
                -8.0
              ],
              "size": [
                16.0,
                15.0,
                16.0
              ],
              "uv": [
                0,
                0
              ],
              "inflate": 0
            },
            {
              "origin": [
                -8.0,
                15.0,
                -8.0
              ],
              "size": [
                16.0,
                1.0,
                17.0
              ],
              "uv": [
                0,
                31
              ],
              "inflate": 0
            },
            {
              "origin": [
                -6.0,
                8.0,
                8.0
              ],
              "size": [
                12.0,
                5.0,
                1.0
              ],
              "uv": [
                48,
                6
              ],
              "inflate": 0
            },
            {
              "origin": [
                -6.0,
                2.0,
                8.0
              ],
              "size": [
                12.0,
                5.0,
                1.0
              ],
              "uv": [
                48,
                0
              ],
              "inflate": 0
            },
            {
              "origin": [
                -2.0,
                4.0,
                8.5
              ],
              "size": [
                4.0,
                1.0,
                1.0
              ],
              "uv": [
                0,
                2
              ],
              "inflate": 0
            },
            {
              "origin": [
                -2.0,
                10.0,
                8.5
              ],
              "size": [
                4.0,
                1.0,
                1.0
              ],
              "uv": [
                0,
                0
              ],
              "inflate": 0
            }
          ]
        }
      ]
    }
  ]
}