{
  "format_version": "1.12.0",
  "minecraft:geometry": [
    {
      "description": {
        "identifier": "geometry.bzf_grayshelf",
        "texture_width": 64,
        "texture_height": 64,
        "visible_bounds_width": 2,
        "visible_bounds_height": 2.5,
        "visible_bounds_offset": [
          0,
          0.75,
          0
        ]
      },
      "bones": [
        {
          "name": "bb_main",
          "pivot": [
            0,
            0,
            0
          ],
          "cubes": [
            {
              "origin": [
                -7.0,
                15.0,
                -8.0
              ],
              "size": [
                14.0,
                1.0,
                8.0
              ],
              "uv": [
                0,
                0
              ],
              "inflate": 0
            },
            {
              "origin": [
                1.0,
                16.0,
                -6.0
              ],
              "size": [
                4.0,
                4.0,
                4.0
              ],
              "uv": [
                0,
                9
              ],
              "inflate": 0
            },
            {
              "origin": [
                -6.0,
                16.0,
                -7.0
              ],
              "size": [
                2.0,
                6.0,
                4.0
              ],
              "uv": [
                0,
                17
              ],
              "inflate": 0
            },
            {
              "origin": [
                -4.0,
                16.0,
                -7.0
              ],
              "size": [
                2.0,
                6.0,
                4.0
              ],
              "uv": [
                12,
                13
              ],
              "inflate": 0
            },
            {
              "origin": [
                -6.0,
                9.0,
                -8.0
              ],
              "size": [
                1.0,
                6.0,
                1.0
              ],
              "uv": [
                26,
                14
              ],
              "inflate": 0
            },
            {
              "origin": [
                5.0,
                9.0,
                -8.0
              ],
              "size": [
                1.0,
                6.0,
                1.0
              ],
              "uv": [
                4,
                0
              ],
              "inflate": 0
            },
            {
              "origin": [
                -6.0,
                9.0,
                -3.0
              ],
              "size": [
                1.0,
                6.0,
                1.0
              ],
              "uv": [
                24,
                24
              ],
              "inflate": 0
            },
            {
              "origin": [
                5.0,
                9.0,
                -3.0
              ],
              "size": [
                1.0,
                6.0,
                1.0
              ],
              "uv": [
                0,
                0
              ],
              "inflate": 0
            },
            {
              "origin": [
                -6.0,
                9.0,
                -7.0
              ],
              "size": [
                1.0,
                1.0,
                4.0
              ],
              "uv": [
                14,
                24
              ],
              "inflate": 0
            },
            {
              "origin": [
                5.0,
                9.0,
                -7.0
              ],
              "size": [
                1.0,
                1.0,
                4.0
              ],
              "uv": [
                20,
                19
              ],
              "inflate": 0
            },
            {
              "origin": [
                -6.0,
                14.0,
                -7.0
              ],
              "size": [
                1.0,
                1.0,
                4.0
              ],
              "uv": [
                8,
                23
              ],
              "inflate": 0
            },
            {
              "origin": [
                5.0,
                14.0,
                -7.0
              ],
              "size": [
                1.0,
                1.0,
                4.0
              ],
              "uv": [
                20,
                9
              ],
              "inflate": 0
            }
          ]
        }
      ]
    }
  ]
}