{
	"format_version": "1.12.0",
	"minecraft:geometry": [
		{
			"description": {
				"identifier": "geometry.bzf_modernfridgeopen",
				"texture_width": 128,
				"texture_height": 128,
				"visible_bounds_width": 5,
				"visible_bounds_height": 4,
				"visible_bounds_offset": [0, 1, 0]
			},
			"bones": [
				{
					"name": "bb_main",
					"pivot": [0, 0, 0],
					"cubes": [
						{"origin": [7, 1, -8], "size": [1, 31, 16], "uv": [18, 31]},
						{"origin": [-7, 1, -8], "size": [14, 31, 1], "uv": [52, 49]},
						{"origin": [-8, 1, -8], "size": [1, 31, 16], "uv": [0, 0]},
						{"origin": [-7, 1, -8], "size": [14, 1, 16], "uv": [36, 17]},
						{"origin": [-7, 11, -7], "size": [14, 1, 14], "uv": [52, 34]},
						{"origin": [-7, 21, -7], "size": [14, 1, 10], "uv": [72, 71]},
						{"origin": [-7, 31, -8], "size": [14, 1, 16], "uv": [34, 0]},
						{"origin": [6, 0, 6], "size": [1, 1, 1], "uv": [4, 14]},
						{"origin": [-7, 0, 6], "size": [1, 1, 1], "uv": [0, 14]},
						{"origin": [-7, 0, -7], "size": [1, 1, 1], "uv": [10, 4]},
						{"origin": [6, 0, -7], "size": [1, 1, 1], "uv": [10, 2]},
						{"origin": [2, 2, -6], "size": [4, 4, 7], "uv": [36, 34]},
						{"origin": [-6, 22, -7], "size": [4, 4, 7], "uv": [100, 111]},
						{"origin": [-3, 2, -5], "size": [4, 8, 4], "uv": [22, 78]},
						{"origin": [-6, 2, -5], "size": [2, 8, 6], "uv": [0, 0]},
						{"origin": [2, 12, -3], "size": [4, 4, 4], "uv": [78, 8]},
						{"origin": [3, 22, -6], "size": [4, 1, 7], "uv": [78, 0]},
						{"origin": [-1, 22, -7], "size": [4, 1, 7], "uv": [0, 77]},
						{"origin": [-6, 12, -5], "size": [6, 2, 2], "uv": [34, 9]},
						{"origin": [-5, 12, -2], "size": [6, 1, 2], "uv": [34, 13]},
						{"origin": [-6, 22, 0], "size": [6, 1, 2], "uv": [61, 119]}
					]
				},
				{
					"name": "Door1",
					"pivot": [7, 16, 8],
					"rotation": [-180, 47.5, 180],
					"cubes": [
						{"origin": [0, 2, 7], "size": [7, 29, 1], "uv": [0, 47]},
						{"origin": [1, 15, 8], "size": [1, 4, 1], "uv": [0, 0]}
					]
				},
				{
					"name": "Door2",
					"pivot": [-7, 16, 8],
					"rotation": [-180, -62.5, 180],
					"cubes": [
						{"origin": [-7, 2, 7], "size": [7, 12, 1], "uv": [34, 17]},
						{"origin": [-7, 20, 7], "size": [7, 11, 1], "uv": [80, 17]},
						{"origin": [-7, 14, 5], "size": [7, 6, 1], "uv": [18, 9]},
						{"origin": [-1, 14, 6], "size": [1, 6, 2], "uv": [50, 81]},
						{"origin": [-7, 14, 6], "size": [1, 6, 2], "uv": [58, 37]},
						{"origin": [-6, 19, 6], "size": [5, 1, 2], "uv": [51, 34]},
						{"origin": [-6, 14, 6], "size": [5, 1, 2], "uv": [36, 30]},
						{"origin": [-4, 18, 6], "size": [1, 1, 1], "uv": [10, 0]}
					]
				}
			]
		}
	]
}