{
  "format_version": "1.12.0",
  "minecraft:geometry": [
    {
      "description": {
        "identifier": "geometry.bzf_whitedinningtable",
        "texture_width": 256,
        "texture_height": 256,
        "visible_bounds_width": 4,
        "visible_bounds_height": 3,
        "visible_bounds_offset": [
          0,
          0.5,
          0
        ]
      },
      "bones": [
        {
          "name": "bb_main",
          "pivot": [
            0,
            0,
            0
          ],
          "cubes": [
            {
              "origin": [
                -23.0,
                15.0,
                -12.0
              ],
              "size": [
                46.0,
                1.0,
                23.0
              ],
              "uv": [
                0,
                0
              ],
              "inflate": 0
            },
            {
              "origin": [
                -21.0,
                0.0,
                8.0
              ],
              "size": [
                1.0,
                15.0,
                1.0
              ],
              "uv": [
                12,
                0
              ],
              "inflate": 0
            },
            {
              "origin": [
                -21.0,
                10.0,
                -9.0
              ],
              "size": [
                1.0,
                1.0,
                17.0
              ],
              "uv": [
                0,
                42
              ],
              "inflate": 0
            },
            {
              "origin": [
                13.0,
                0.0,
                -9.0
              ],
              "size": [
                1.0,
                1.0,
                17.0
              ],
              "uv": [
                38,
                24
              ],
              "inflate": 0
            },
            {
              "origin": [
                20.0,
                10.0,
                -9.0
              ],
              "size": [
                1.0,
                1.0,
                17.0
              ],
              "uv": [
                0,
                24
              ],
              "inflate": 0
            },
            {
              "origin": [
                -14.0,
                0.0,
                -9.0
              ],
              "size": [
                1.0,
                1.0,
                17.0
              ],
              "uv": [
                19,
                25
              ],
              "inflate": 0
            },
            {
              "origin": [
                -21.0,
                0.0,
                -10.0
              ],
              "size": [
                1.0,
                15.0,
                1.0
              ],
              "uv": [
                8,
                0
              ],
              "inflate": 0
            },
            {
              "origin": [
                20.0,
                0.0,
                -10.0
              ],
              "size": [
                1.0,
                15.0,
                1.0
              ],
              "uv": [
                4,
                0
              ],
              "inflate": 0
            },
            {
              "origin": [
                20.0,
                0.0,
                8.0
              ],
              "size": [
                1.0,
                15.0,
                1.0
              ],
              "uv": [
                0,
                0
              ],
              "inflate": 0
            },
            {
              "origin": [
                -20.0,
                0.0,
                8.0
              ],
              "size": [
                7.0,
                1.0,
                1.0
              ],
              "uv": [
                0,
                24
              ],
              "inflate": 0
            },
            {
              "origin": [
                13.0,
                0.0,
                8.0
              ],
              "size": [
                7.0,
                1.0,
                1.0
              ],
              "uv": [
                0,
                16
              ],
              "inflate": 0
            },
            {
              "origin": [
                -20.0,
                0.0,
                -10.0
              ],
              "size": [
                7.0,
                1.0,
                1.0
              ],
              "uv": [
                0,
                20
              ],
              "inflate": 0
            },
            {
              "origin": [
                13.0,
                0.0,
                -10.0
              ],
              "size": [
                7.0,
                1.0,
                1.0
              ],
              "uv": [
                0,
                18
              ],
              "inflate": 0
            }
          ]
        }
      ]
    }
  ]
}