{
  "format_version": "1.12.0",
  "minecraft:geometry": [
    {
      "description": {
        "identifier": "geometry.bzf_towel",
        "texture_width": 64,
        "texture_height": 64,
        "visible_bounds_width": 2,
        "visible_bounds_height": 2.5,
        "visible_bounds_offset": [
          0,
          0.75,
          0
        ]
      },
      "bones": [
        {
          "name": "bb_main",
          "pivot": [
            0,
            0,
            0
          ],
          "cubes": [
            {
              "origin": [
                -6.0,
                13.0,
                -7.0
              ],
              "size": [
                12.0,
                1.0,
                1.0
              ],
              "uv": [
                21,
                16
              ],
              "inflate": 0
            },
            {
              "origin": [
                6.0,
                13.0,
                -8.0
              ],
              "size": [
                1.0,
                1.0,
                2.0
              ],
              "uv": [
                22,
                5
              ],
              "inflate": 0
            },
            {
              "origin": [
                -7.0,
                13.0,
                -8.0
              ],
              "size": [
                1.0,
                1.0,
                2.0
              ],
              "uv": [
                22,
                2
              ],
              "inflate": 0
            },
            {
              "origin": [
                -5.0,
                -1.0,
                -6.0
              ],
              "size": [
                10.0,
                16.0,
                1.0
              ],
              "uv": [
                0,
                0
              ],
              "inflate": 0
            },
            {
              "origin": [
                -5.0,
                14.0,
                -7.0
              ],
              "size": [
                10.0,
                1.0,
                1.0
              ],
              "uv": [
                22,
                0
              ],
              "inflate": 0
            },
            {
              "origin": [
                -5.0,
                0.0,
                -8.0
              ],
              "size": [
                10.0,
                15.0,
                1.0
              ],
              "uv": [
                0,
                17
              ],
              "inflate": 0
            }
          ]
        }
      ]
    }
  ]
}