{
  "format_version": "1.12.0",
  "minecraft:geometry": [
    {
      "description": {
        "identifier": "geometry.bzf_sprucebookshelf1",
        "texture_width": 128,
        "texture_height": 128,
        "visible_bounds_width": 2,
        "visible_bounds_height": 2.5,
        "visible_bounds_offset": [
          0,
          0.75,
          0
        ]
      },
      "bones": [
        {
          "name": "bb_main",
          "pivot": [
            0,
            0,
            0
          ],
          "cubes": [
            {
              "origin": [
                -7.0,
                0.0,
                -7.0
              ],
              "size": [
                14.0,
                1.0,
                9.0
              ],
              "uv": [
                0,
                27
              ],
              "inflate": 0
            },
            {
              "origin": [
                -7.0,
                8.0,
                -7.0
              ],
              "size": [
                14.0,
                -0.5,
                9.0
              ],
              "uv": [
                28,
                17
              ],
              "inflate": 0
            },
            {
              "origin": [
                -7.0,
                15.0,
                -7.0
              ],
              "size": [
                14.0,
                1.0,
                9.0
              ],
              "uv": [
                0,
                17
              ],
              "inflate": 0
            },
            {
              "origin": [
                7.0,
                0.0,
                -7.0
              ],
              "size": [
                1.0,
                16.0,
                9.0
              ],
              "uv": [
                20,
                37
              ],
              "inflate": 0
            },
            {
              "origin": [
                -8.0,
                0.0,
                -7.0
              ],
              "size": [
                1.0,
                16.0,
                9.0
              ],
              "uv": [
                0,
                37
              ],
              "inflate": 0
            },
            {
              "origin": [
                -8.0,
                8.0,
                1.0
              ],
              "size": [
                16.0,
                1.0,
                16.0
              ],
              "pivot": [
                0.0,
                0.0,
                1.0
              ],
              "rotation": [
                90.0,
                0.0,
                0.0
              ],
              "uv": [
                0,
                0
              ],
              "inflate": 0
            },
            {
              "origin": [
                2.8,
                1.0,
                -7.0
              ],
              "size": [
                2.0,
                6.0,
                7.0
              ],
              "uv": [
                62,
                55
              ],
              "inflate": 0
            },
            {
              "origin": [
                2.8,
                8.0,
                -7.0
              ],
              "size": [
                2.0,
                6.0,
                7.0
              ],
              "uv": [
                33,
                56
              ],
              "inflate": 0
            },
            {
              "origin": [
                0.6,
                1.0,
                -7.0
              ],
              "size": [
                2.0,
                6.0,
                7.0
              ],
              "uv": [
                62,
                42
              ],
              "inflate": 0
            },
            {
              "origin": [
                0.6,
                8.0,
                -7.0
              ],
              "size": [
                2.0,
                6.0,
                7.0
              ],
              "uv": [
                51,
                49
              ],
              "inflate": 0
            },
            {
              "origin": [
                -1.6,
                1.0,
                -7.0
              ],
              "size": [
                2.0,
                6.0,
                7.0
              ],
              "uv": [
                18,
                62
              ],
              "inflate": 0
            },
            {
              "origin": [
                -1.6,
                8.0,
                -7.0
              ],
              "size": [
                2.0,
                6.0,
                7.0
              ],
              "uv": [
                51,
                36
              ],
              "inflate": 0
            },
            {
              "origin": [
                -3.8,
                1.0,
                -7.0
              ],
              "size": [
                2.0,
                6.0,
                7.0
              ],
              "uv": [
                0,
                62
              ],
              "inflate": 0
            },
            {
              "origin": [
                -3.8,
                8.0,
                -7.0
              ],
              "size": [
                2.0,
                6.0,
                7.0
              ],
              "uv": [
                48,
                0
              ],
              "inflate": 0
            },
            {
              "origin": [
                5.0,
                1.0,
                -7.0
              ],
              "size": [
                2.0,
                6.0,
                7.0
              ],
              "uv": [
                44,
                62
              ],
              "inflate": 0
            },
            {
              "origin": [
                5.0,
                8.0,
                -7.0
              ],
              "size": [
                2.0,
                6.0,
                7.0
              ],
              "uv": [
                48,
                0
              ],
              "inflate": 0
            },
            {
              "origin": [
                -6.3,
                8.0,
                -7.0
              ],
              "size": [
                2.0,
                6.0,
                7.0
              ],
              "uv": [
                40,
                43
              ],
              "inflate": 0
            },
            {
              "origin": [
                -6.3,
                1.0,
                -7.0
              ],
              "size": [
                2.0,
                6.0,
                7.0
              ],
              "uv": [
                39,
                30
              ],
              "inflate": 0
            }
          ]
        }
      ]
    }
  ]
}