{
	"format_version": "1.12.0",
	"minecraft:geometry": [
		{
			"description": {
				"identifier": "geometry.bzf_bookshelvestyle",
				"texture_width": 64,
				"texture_height": 64,
				"visible_bounds_width": 2,
				"visible_bounds_height": 2.5,
				"visible_bounds_offset": [0, 0.75, 0]
			},
			"bones": [
				{
					"name": "bb_main",
					"pivot": [0, 0, 0],
					"rotation": [-180, 0, 180],
					"cubes": [
						{"origin": [-7, 0, 0], "size": [14, 1, 7], "uv": [0, 16]},
						{"origin": [-7, 15, 0], "size": [14, 1, 7], "uv": [0, 8]},
						{"origin": [-7, 7.5, 0.5], "size": [14, 1, 7], "uv": [0, 0]},
						{"origin": [-8, 0, 0], "size": [1, 16, 8], "uv": [40, 40]},
						{"origin": [7, 0, 0], "size": [1, 16, 8], "uv": [30, 24]},
						{"origin": [-7, 0, 7], "size": [14, 16, 1], "uv": [0, 24]},
						{"origin": [-7, 1, 1], "size": [2, 6, 4], "uv": [46, 10]},
						{"origin": [1.20038, 8.31438, 1], "size": [2, 6, 4], "pivot": [0, 0, 0], "rotation": [0, 0, 5], "uv": [46, 10]},
						{"origin": [-4.5, 1, 1], "size": [2, 6, 4], "uv": [12, 41]},
						{"origin": [4.4, 8, 1], "size": [2, 6, 4], "uv": [12, 41]},
						{"origin": [-2, 1, 1], "size": [2, 6, 4], "uv": [0, 41]},
						{"origin": [-4, 8, 1], "size": [2, 6, 4], "uv": [0, 41]},
						{"origin": [0.5, 1, 1], "size": [2, 6, 4], "uv": [40, 20]},
						{"origin": [-6.5, 8, 1], "size": [2, 6, 4], "uv": [40, 20]},
						{"origin": [2.35644, 2.64979, 1], "size": [2, 6, 4], "pivot": [0, 0, 0], "rotation": [0, 0, 20], "uv": [38, 4]},
						{"origin": [-1.5, 8, 1], "size": [2, 6, 4], "uv": [38, 4]}
					]
				}
			]
		}
	]
}