{
  "format_version": "1.12.0",
  "minecraft:geometry": [
    {
      "description": {
        "identifier": "geometry.bzf_graypottedplant",
        "texture_width": 64,
        "texture_height": 64,
        "visible_bounds_width": 2,
        "visible_bounds_height": 3.5,
        "visible_bounds_offset": [
          0,
          1.25,
          0
        ]
      },
      "bones": [
        {
          "name": "bb_main",
          "pivot": [
            0,
            0,
            0
          ],
          "cubes": [
            {
              "origin": [
                -3.0,
                0.0,
                -3.0
              ],
              "size": [
                1.0,
                6.0,
                6.0
              ],
              "uv": [
                26,
                20
              ],
              "inflate": 0
            },
            {
              "origin": [
                2.0,
                0.0,
                -3.0
              ],
              "size": [
                1.0,
                6.0,
                6.0
              ],
              "uv": [
                16,
                26
              ],
              "inflate": 0
            },
            {
              "origin": [
                -2.0,
                0.0,
                -3.0
              ],
              "size": [
                4.0,
                6.0,
                1.0
              ],
              "uv": [
                32,
                9
              ],
              "inflate": 0
            },
            {
              "origin": [
                -2.0,
                0.0,
                2.0
              ],
              "size": [
                4.0,
                6.0,
                1.0
              ],
              "uv": [
                0,
                0
              ],
              "inflate": 0
            },
            {
              "origin": [
                -2.0,
                0.0,
                -2.0
              ],
              "size": [
                4.0,
                5.0,
                4.0
              ],
              "uv": [
                32,
                0
              ],
              "inflate": 0
            },
            {
              "origin": [
                0.0,
                4.0,
                -4.0
              ],
              "size": [
                0.0,
                26.0,
                8.0
              ],
              "pivot": [
                0.0,
                4.0,
                0.0
              ],
              "rotation": [
                0.0,
                -45.0,
                0.0
              ],
              "uv": [
                16,
                -8
              ],
              "inflate": 0,
              "mirror": true
            },
            {
              "origin": [
                -4.0,
                4.0,
                0.0
              ],
              "size": [
                8.0,
                26.0,
                0.0
              ],
              "pivot": [
                0.0,
                4.0,
                0.0
              ],
              "rotation": [
                0.0,
                -45.0,
                0.0
              ],
              "uv": [
                16,
                0
              ],
              "inflate": 0
            }
          ]
        }
      ]
    }
  ]
}