{
  "format_version": "1.12.0",
  "minecraft:geometry": [
    {
      "description": {
        "identifier": "geometry.bzf_itemshelf",
        "texture_width": 64,
        "texture_height": 64,
        "visible_bounds_width": 3,
        "visible_bounds_height": 3.5,
        "visible_bounds_offset": [
          0,
          1.25,
          0
        ]
      },
      "bones": [
        {
          "name": "bb_main",
          "pivot": [
            0,
            0,
            0
          ],
          "cubes": [
            {
              "origin": [
                7.0,
                0.0,
                -8.0
              ],
              "size": [
                1.0,
                32.0,
                1.0
              ],
              "uv": [
                12,
                27
              ],
              "inflate": 0
            },
            {
              "origin": [
                7.0,
                0.0,
                1.0
              ],
              "size": [
                1.0,
                32.0,
                1.0
              ],
              "uv": [
                8,
                27
              ],
              "inflate": 0
            },
            {
              "origin": [
                7.0,
                5.0,
                -7.0
              ],
              "size": [
                1.0,
                1.0,
                8.0
              ],
              "uv": [
                36,
                27
              ],
              "inflate": 0
            },
            {
              "origin": [
                -8.0,
                5.0,
                -7.0
              ],
              "size": [
                1.0,
                1.0,
                8.0
              ],
              "uv": [
                26,
                28
              ],
              "inflate": 0
            },
            {
              "origin": [
                7.0,
                20.0,
                -7.0
              ],
              "size": [
                1.0,
                1.0,
                8.0
              ],
              "uv": [
                16,
                36
              ],
              "inflate": 0
            },
            {
              "origin": [
                -8.0,
                20.0,
                -7.0
              ],
              "size": [
                1.0,
                1.0,
                8.0
              ],
              "uv": [
                16,
                27
              ],
              "inflate": 0
            },
            {
              "origin": [
                -8.0,
                0.0,
                1.0
              ],
              "size": [
                1.0,
                32.0,
                1.0
              ],
              "uv": [
                4,
                27
              ],
              "inflate": 0
            },
            {
              "origin": [
                -8.0,
                0.0,
                -8.0
              ],
              "size": [
                1.0,
                32.0,
                1.0
              ],
              "uv": [
                0,
                27
              ],
              "inflate": 0
            },
            {
              "origin": [
                -8.0,
                1.0,
                -7.0
              ],
              "size": [
                16.0,
                1.0,
                8.0
              ],
              "uv": [
                0,
                18
              ],
              "inflate": 0
            },
            {
              "origin": [
                -8.0,
                16.0,
                -7.0
              ],
              "size": [
                16.0,
                1.0,
                8.0
              ],
              "uv": [
                0,
                9
              ],
              "inflate": 0
            },
            {
              "origin": [
                -8.0,
                31.0,
                -7.0
              ],
              "size": [
                16.0,
                1.0,
                8.0
              ],
              "uv": [
                0,
                0
              ],
              "inflate": 0
            },
            {
              "origin": [
                -6.0,
                2.0,
                -5.0
              ],
              "size": [
                4.0,
                4.0,
                4.0
              ],
              "uv": [
                40,
                0
              ],
              "inflate": 0
            },
            {
              "origin": [
                -4.0,
                6.0,
                -6.0
              ],
              "size": [
                0.0,
                8.0,
                6.0
              ],
              "pivot": [
                -4.0,
                6.0,
                -3.0
              ],
              "rotation": [
                0.0,
                -45.0,
                0.0
              ],
              "uv": [
                34,
                31
              ],
              "inflate": 0
            },
            {
              "origin": [
                -7.0,
                6.0,
                -3.0
              ],
              "size": [
                6.0,
                8.0,
                0.0
              ],
              "pivot": [
                -4.0,
                6.0,
                -3.0
              ],
              "rotation": [
                0.0,
                -47.5,
                0.0
              ],
              "uv": [
                34,
                37
              ],
              "inflate": 0
            },
            {
              "origin": [
                5.0,
                2.0,
                -5.0
              ],
              "size": [
                2.0,
                7.0,
                4.0
              ],
              "uv": [
                50,
                32
              ],
              "inflate": 0
            },
            {
              "origin": [
                -4.8,
                17.0,
                -5.0
              ],
              "size": [
                2.0,
                7.0,
                4.0
              ],
              "uv": [
                28,
                45
              ],
              "inflate": 0
            },
            {
              "origin": [
                -7.0,
                17.0,
                -5.0
              ],
              "size": [
                2.0,
                7.0,
                4.0
              ],
              "uv": [
                44,
                14
              ],
              "inflate": 0
            },
            {
              "origin": [
                -2.6,
                17.0,
                -5.0
              ],
              "size": [
                2.0,
                7.0,
                4.0
              ],
              "uv": [
                42,
                41
              ],
              "inflate": 0
            },
            {
              "origin": [
                2.8,
                2.0,
                -5.0
              ],
              "size": [
                2.0,
                7.0,
                4.0
              ],
              "uv": [
                16,
                45
              ],
              "inflate": 0
            }
          ]
        }
      ]
    }
  ]
}