{
  "format_version": "1.12",
    "minecraft:recipe_shaped": {
        "description": {
            "identifier": "recipe:laptop"
        },


        "tags": [ "furniture_crafting_table" ],
        "pattern": [
            "RS0",
            "GBB",
            "RRR"
        ],
        "key": {
            "B": {
                "item": "minecraft:stone_button"
            },
            "R": {
                "item": "minecraft:iron_ingot"
            },
            "S": {
                "item": "minecraft:redstone"
            },
            "G": {
                "item": "minecraft:glass"
            }
        },
        "result": {
            "item": "furniture:laptop"
        }
    }
}
