{
	"format_version": "1.8.0",
	"render_controllers": {
		"controller.render.umak16": {
			"arrays": {
				"textures": {
					"Array.variants": [
						"Texture.black",
						"Texture.blue",
						"Texture.brown",
						"Texture.cyan",
						"Texture.gray",
						"Texture.green",
						"Texture.light_blue",
						"Texture.silver",
						"Texture.lime",
						"Texture.magenta",
						"Texture.orange",
						"Texture.pink",
						"Texture.purple",
						"Texture.red",
						"Texture.white",
						"Texture.yellow"
					]
				}
			},
			"geometry": "Geometry.default",
			"materials": [
				{
					"*": "Material.default"
				}
			],
			"textures": [
				"Array.variants[query.variant]"
			],
			"is_hurt_color": {},
            "on_fire_color": {}
		}
	}
}