{
	"format_version": "1.8.0",
	"render_controllers": {
		"controller.render.umak3": {
			"geometry": "Geometry.ibm",
			"materials": [
				{
					"*": "Material.default"
				}
			],
			"textures": [
				"Texture.default"
			],
			"is_hurt_color": {},
            "on_fire_color": {}
		},
		"controller.render.umak4": {
			"geometry": "Geometry.start",
			"materials": [
				{
					"*": "Material.default"
				}
			],
			"textures": [
				"Texture.default"
			],
			"is_hurt_color": {},
            "on_fire_color": {}
		},
		"controller.render.umak5": {
			"geometry": "Geometry.world1",
			"materials": [
				{
					"*": "Material.default"
				}
			],
			"textures": [
				"Texture.default"
			],
			"is_hurt_color": {},
            "on_fire_color": {}
		}
	}
}