{
	"resource_pack_name": "bridgeRP",
	"texture_name": "atlas.items",
	"texture_data": {
		"duckbuck_umak": {
			"textures": [
				"textures/items/furniture_umak/duckbuck"
			]
		},
		"umakmart_umak": {
			"textures": [
				"textures/items/furniture_umak/umakmart"
			]
		},
		"atari_fb8_umak": {
			"textures": [
				"textures/items/furniture_umak/afb8"
			]
		},
		"cabinet1_umak": {
			"textures": [
				"textures/items/furniture_umak/cabinet1"
			]
		},
		"cabinet2_umak": {
			"textures": [
				"textures/items/furniture_umak/cabinet2"
			]
		},
		"chair1_umak": {
			"textures": [
				"textures/items/furniture_umak/chair1"
			]
		},
		"chair2_umak": {
			"textures": [
				"textures/items/furniture_umak/chair2"
			]
		},
		"chair3_umak": {
			"textures": [
				"textures/items/furniture_umak/chair3"
			]
		},
		"coffeetable1_umak": {
			"textures": [
				"textures/items/furniture_umak/coffeetable1"
			]
		},
		"coffeetable2_umak": {
			"textures": [
				"textures/items/furniture_umak/coffeetable2"
			]
		},
		"couch1_umak": {
			"textures": [
				"textures/items/furniture_umak/couch1"
			]
		},
		"couch2_umak": {
			"textures": [
				"textures/items/furniture_umak/couch2"
			]
		},
		"couch3_umak": {
			"textures": [
				"textures/items/furniture_umak/couch3"
			]
		},
		"cubeshelf_umak": {
			"textures": [
				"textures/items/furniture_umak/cubeshelf"
			]
		},
		"standlamp_umak": {
			"textures": [
				"textures/items/furniture_umak/standlamp"
			]
		},
		"sega_genesis_umak": {
			"textures": [
				"textures/items/furniture_umak/sega_genesis"
			]
		},
		"shelf1_umak": {
			"textures": [
				"textures/items/furniture_umak/shelf1"
			]
		},
		"shelf2_umak": {
			"textures": [
				"textures/items/furniture_umak/shelf2"
			]
		},
		"super_nes_umak": {
			"textures": [
				"textures/items/furniture_umak/super_nes"
			]
		},
		"table1_umak": {
			"textures": [
				"textures/items/furniture_umak/table1"
			]
		},
		"tv_umak": {
			"textures": [
				"textures/items/furniture_umak/tv"
			]
		},
		"tvtable_mini_umak": {
			"textures": [
				"textures/items/furniture_umak/tvtable_mini"
			]
		},
		"vhsplayer_umak": {
			"textures": [
				"textures/items/furniture_umak/vhsplayer"
			]
		},
		"vinylplayer_umak": {
			"textures": [
				"textures/items/furniture_umak/vinylplayer"
			]
		},
		"wallshelf1_umak": {
			"textures": [
				"textures/items/furniture_umak/wallshelf1"
			]
		},
		"wallshelf2_umak": {
			"textures": [
				"textures/items/furniture_umak/wallshelf2"
			]
		},
		"wtf_umak": {
			"textures": [
				"textures/items/furniture_umak/wtf"
			]
		},
		"boombox_umak": {
			"textures": [
				"textures/items/furniture_umak/boombox"
			]
		},
		"ceilinglamp_umak": {
			"textures": [
				"textures/items/furniture_umak/ceilinglamp"
			]
		},
		"coffeetable3_umak": {
			"textures": [
				"textures/items/furniture_umak/coffeetable3"
			]
		},
		"displayshelf_umak": {
			"textures": [
				"textures/items/furniture_umak/displayshelf"
			]
		},
		"globe_umak": {
			"textures": [
				"textures/items/furniture_umak/globe"
			]
		},
		"lamptable_umak": {
			"textures": [
				"textures/items/furniture_umak/lamptable"
			]
		},
		"shelf3_umak": {
			"textures": [
				"textures/items/furniture_umak/shelf3"
			]
		},
		"trophy_umak": {
			"textures": [
				"textures/items/furniture_umak/trophy"
			]
		},
		"tablelamp_umak": {
			"textures": [
				"textures/items/furniture_umak/tablelamp"
			]
		},
		"telephone_umak": {
			"textures": [
				"textures/items/furniture_umak/telephone"
			]
		},
		"tvtable_beeg_umak": {
			"textures": [
				"textures/items/furniture_umak/tvtable_beeg"
			]
		},
		"officetable_umak": {
			"textures": [
				"textures/items/furniture_umak/officetable"
			]
		},
		"ibm5150_umak": {
			"textures": [
				"textures/items/furniture_umak/ibm5150"
			]
		},
		"officechair_umak": {
			"textures": [
				"textures/items/furniture_umak/officechair"
			]
		},
		"ceilingfan_umak": {
			"textures": [
				"textures/items/furniture_umak/ceilingfan"
			]
		},
		"smolplant_umak": {
			"textures": [
				"textures/items/furniture_umak/smolplant"
			]
		},
		"duckplush_umak": {
			"textures": [
				"textures/items/furniture_umak/duckplush"
			]
		},
		"plate_umak": {
			"textures": [
				"textures/items/furniture_umak/plate"
			]
		},
		"cup_umak": {
			"textures": [
				"textures/items/furniture_umak/cup"
			]
		}
	}
}