{
    "format_version": "1.16.0",
    "minecraft:block": {
        "description": {
            "identifier": "furniture:laptop",
            "properties": {
                "furniture:face": [ 2, 3, 4, 5 ]
            }
        },
        "components": {
            "minecraft:material_instances": {
                "*": {
                    "texture": "laptop",
                    "render_method": "blend"
                }
            },
            "minecraft:pick_collision": {
                "origin": [ -7, 0, -6 ],
                "size": [ 14, 12, 12 ]
            },
            "minecraft:entity_collision": {
                "origin": [ -7, 0, -6 ],
                "size": [ 14, 12, 12 ]
            },
            "minecraft:geometry": "geometry.laptop",
            "minecraft:destroy_time": 1.0,
            "minecraft:on_player_placing": {
                "event": "furniture:place"
            },
            "minecraft:friction": 0.6,
            "minecraft:map_color": "#00ff00",
            "minecraft:flammable": {
                "flame_odds": 0,
                "burn_odds": 0
            },
            "minecraft:block_light_emission": 0.0
        },
        "events": {
            "furniture:place": {
                "set_block_property": {
                    "furniture:face": "(query.cardinal_facing_2d)"
                }
            }
        },
        "permutations": [
            {
                "condition": "query.block_property('furniture:face') == 2",
                "components": {
                    "minecraft:block_light_emission": 0.0
                }
            },
            {
                "condition": "query.block_property('furniture:face') == 3",
                "components": {
                    "minecraft:rotation": [ 0, 180, 0 ]
                }
            },
            {
                "condition": "query.block_property('furniture:face') == 4",
                "components": {
                    "minecraft:rotation": [ 0, 90, 0 ]
                }
            },
            {
                "condition": "query.block_property('furniture:face') == 5",
                "components": {
                    "minecraft:rotation": [ 0, 270, 0 ]
                }
            }
        ]
    }
}