{
    "format_version": "1.16.0",
    "minecraft:block": {
        "description": {
            "identifier": "furniture:table"
        },
        "components": {
            "minecraft:material_instances": {
                "*": {
                    "texture": "table",
                    "render_method": "blend"
                }
            },
            "minecraft:pick_collision": {
                "origin": [ -8, 0, -8 ],
                "size": [ 16, 16, 16 ]
            },
            "minecraft:geometry": "geometry.table",
            "minecraft:destroy_time": 0.5,
            "minecraft:friction": 0.6,
            "minecraft:map_color": "#00ff00",
            "minecraft:flammable": {
                "flame_odds": 0,
                "burn_odds": 0
            },
            "minecraft:block_light_emission": 0.0
        }
    }
}