{
	"format_version": "1.10.0",
	"minecraft:entity": {
		"description": {
			"identifier": "umak:tablelamp",
			"is_spawnable": true,
			"is_summonable": true,
			"is_experimental": false,
			"scripts": {
				"animate": [
					"light",
					"off"
				]
			},
			"animations": {
				"light": "controller.animation.umak_light3",
				"off": "controller.animation.umak_lightoff3"
			}
		},
		"component_groups": {},
		"components": {
			"minecraft:type_family": {
				"family": [
					"umakitems"
				]
			},
			"minecraft:loot": {
        		"table": "loot_tables/entities/umak_furniture/tablelamp.json"
     		},
			"minecraft:scale": {
				"value": 1
			},
			"minecraft:collision_box": {
				"width": 0.5,
				"height": 2
			},
			"minecraft:physics": {},
			"minecraft:pushable": {
				"is_pushable": true
			},
			"minecraft:health": {
				"value": 4
			},
			"minecraft:knockback_resistance": {
				"value": 999,
				"max": 999
			}
		},
		"events": {}
	}
}