{
	"format_version": "1.10.0",
	"minecraft:entity": {
		"description": {
			"identifier": "umak:vhsplayer",
			"is_spawnable": true,
			"is_summonable": true,
			"is_experimental": false
		},
		"component_groups": {},
		"components": {
			"minecraft:type_family": {
				"family": [
					"umakconsole"
				]
			},
			"minecraft:scale": {
				"value": 1
			},
			"minecraft:loot": {
        		"table": "loot_tables/entities/umak_furniture/vhsplayer.json"
     		},
			"minecraft:collision_box": {
				"width": 0.5,
				"height": 0.3
			},
			"minecraft:physics": {},
			"minecraft:pushable": {
				"is_pushable": true
			},
			"minecraft:is_stackable": {
			},
			"minecraft:health": {
				"value": 2
			},
			"minecraft:knockback_resistance": {
				"value": 999,
				"max": 999
			}
		},
		"events": {}
	}
}